Date,Description,Debit,Credit,Category,SubCategory
17/11/2023,Phone/Internet Tfr From    0000439102433,,69.97,Deposits,Funds transfer
20/11/2023,Bp Baulkham H 0768     Baulkham Hill Au,69.97,,Transport & Travel,Petrol
23/11/2023,Sp July                Melbourne     Au,620.00,,Home & Property,Technology & Appliances
24/11/2023,Bp Baulkham H 0768     Baulkham Hill Au,57.76,,Transport & Travel,Petrol
27/11/2023,Sp Snapwireless P/L    Darlington    Au,302.90,,Home & Property,Technology & Appliances
27/11/2023,Phone/Internet Tfr From    0000447865289,,980.66,Deposits,Funds transfer
30/11/2023,Ahm Health Insurance   Wollongong    Au,90.14,,Bills & Payments,Insurance
01/12/2023,Phone/Internet Tfr From    0000439102433,,90.14,Deposits,Funds transfer
01/12/2023,Phone/Internet Tfr To      0000447865289,390.48,,Withdrawals & Transfers,Withdrawal
01/12/2023,Phone/Internet Tfr From    0000447865289,,780.96,Deposits,Funds transfer
01/12/2023,Cash Advance Fee,11.71,,Fees & Charges,Fees & Charges
04/12/2023,Ticketek Pty Ltd Web   Sydney        Au,390.48,,Entertainment & Recreation,Sports & Leisure
04/12/2023,Phone/Internet Tfr From    0000439102433,,53.69,Deposits,Funds transfer
04/12/2023,La Boucherie Pty Ltd   Baulkham Hill Au,199.00,,Food & Beverage,Dining out
04/12/2023,Phone/Internet Tfr From    0000447865289,,375.18,Deposits,Funds transfer
05/12/2023,Bp Baulkham H 0768     Baulkham Hill Au,53.69,,Transport & Travel,Petrol
05/12/2023,Stylerunner Online     Cremorne      Au,34.99,,Retail & Personal,Clothing & Shoes
05/12/2023,Bp Baulkham H 0768     Baulkham Hill Au,53.57,,Transport & Travel,Petrol
05/12/2023,Myer Pty Ltd           Docklands     Au,75.91,,Retail & Personal,Retail (shopping)
06/12/2023,Phone/Internet Tfr From    0000447865289,,40.66,Deposits,Funds transfer
08/12/2023,Smp*Pastizzi Cafe      Newtown       Au,40.66,,Food & Beverage,Dining out
11/12/2023,Jb Hi Fi Westfield P   Parramatta    Au,85.99,,Retail & Personal,Retail (shopping)
11/12/2023,Mr Minit Castle Hills  Castle Hill   Au,10.09,,Retail & Personal,Retail (shopping)
11/12/2023,Uniqlo Castle Tower    Castle Hill   Au,119.95,,Retail & Personal,Clothing & Shoes
11/12/2023,Coles 0825             Castle Hill   Au,7.50,,Food & Beverage,Food & Groceries
11/12/2023,Phone/Internet Tfr From    0000447865289,,53.33,Deposits,Funds transfer
11/12/2023,Phone/Internet Tfr From    0000447865289,,85.99,Deposits,Funds transfer
11/12/2023,Phone/Internet Tfr From    0000447865289,,156.75,Deposits,Funds transfer
11/12/2023,Phone/Internet Tfr From    0000447865289,,75.00,Deposits,Funds transfer
12/12/2023,Bp Baulkham H 0768     Baulkham Hill Au,53.33,,Transport & Travel,Petrol
12/12/2023,Smp*Makanai Castle Hil Castle Hill   Au,19.21,,Food & Beverage,Dining out
12/12/2023,Andersens Binding Supp Redfern       Au,75.00,,Home & Property,Technology & Appliances
12/12/2023,Card Fee,49.00,,Fees & Charges,Fees & Charges
12/12/2023,Qantas Rewards Fee,75.00,,Withdrawals & Transfers,Withdrawal
13/12/2023,Phone/Internet Tfr From    0000447865289,,124.00,Deposits,Funds transfer
18/12/2023,Uniqlo Castle Tower    Castle Hill   Au,125.79,,Retail & Personal,Clothing & Shoes
18/12/2023,Bkg*Hotel At Booking.C (888)850-3958 Nl Frgn Amt:    37638.00 Yen,397.86,,Transport & Travel,Holidays
18/12/2023,Foreign Transaction Fee,11.94,,Fees & Charges,Fees & Charges
18/12/2023,Mecca Castle Towers    Brisbane      Au,56.00,,Retail & Personal,Retail (shopping)
18/12/2023,Target 5177            Castle Hill   Au,19.00,,Retail & Personal,Retail (shopping)
19/12/2023,Bp Shalvey 0928        Shalvey       Au,50.24,,Transport & Travel,Petrol
19/12/2023,Industrie Clothing Pty Castle Hill   Au,69.90,,Retail & Personal,Clothing & Shoes
19/12/2023,Bp Baulkham H 0768     Baulkham Hill Au,50.76,,Transport & Travel,Petrol
27/12/2023,Oz Lotteries           0393212800    Au,33.00,,Entertainment & Recreation,Gaming & Lotteries
27/12/2023,Fh* Sydney Premier Kar Kogarah       Au,147.64,,Entertainment & Recreation,Attractions
27/12/2023,Cash Advance Fee,.99,,Fees & Charges,Fees & Charges
28/12/2023,Bp Baulkham H 0768     Baulkham Hill Au,60.33,,Transport & Travel,Petrol
02/01/2024,Rebel Parramatta       Parramatta    Au,100.99,,Entertainment & Recreation,Sports & Leisure
02/01/2024,Foot Locker Parramatta Parramatta    Au,149.95,,Retail & Personal,Clothing & Shoes
02/01/2024,Oz Lotteries           0393212800    Au,31.50,,Entertainment & Recreation,Gaming & Lotteries
02/01/2024,Bp Baulkham H 0768     Baulkham Hill Au,60.45,,Transport & Travel,Petrol
02/01/2024,Ahm Health Insurance   Wollongong    Au,90.14,,Bills & Payments,Insurance
02/01/2024,Cash Advance Fee,.95,,Fees & Charges,Fees & Charges
03/01/2024,Ikea Marsden Park      Marsden Park  Au,63.15,,Home & Property,Furnishings
05/01/2024,Oz Lotteries           0393212800    Au,22.50,,Entertainment & Recreation,Gaming & Lotteries
05/01/2024,Cash Advance Fee,.68,,Fees & Charges,Fees & Charges
08/01/2024,Bunnings 746000        Seven Hills   Au,63.00,,Home & Property,Furnishings
08/01/2024,Bp Baulkham H 0768     Baulkham Hill Au,57.54,,Transport & Travel,Petrol
08/01/2024,Ikea Rhodes            Rhodes        Au,249.00,,Home & Property,Furnishings
08/01/2024,Ins Aust Ltd 17126     Sydney        Au,474.80,,Bills & Payments,Insurance
08/01/2024,Phone/Internet Tfr From    0000447865289,,2388.10,Deposits,Funds transfer
11/01/2024,Phone/Internet Tfr From    0000447865289,,31.00,Deposits,Funds transfer
12/01/2024,Oz Lotteries           0393212800    Au,31.00,,Entertainment & Recreation,Gaming & Lotteries
12/01/2024,Phone/Internet Tfr From    0000447865289,,60.38,Deposits,Funds transfer
14/01/2024,Interest Charges - Cash,.43,,Fees & Charges,Interest
15/01/2024,Bp Baulkham H 0768     Baulkham Hill Au,60.38,,Transport & Travel,Petrol
15/01/2024,Kmart 1246             Castle Hill   Au,19.00,,Retail & Personal,Retail (shopping)
15/01/2024,Phone/Internet Tfr From    0000447865289,,.43,Deposits,Funds transfer
15/01/2024,Phone/Internet Tfr From    0000447865289,,244.18,Deposits,Funds transfer
16/01/2024,Chemist Warehouse      Castle Hill   Au,225.18,,Retail & Personal,Medical & Personal care
17/01/2024,Oz Lotteries           0393212800    Au,13.20,,Entertainment & Recreation,Gaming & Lotteries
17/01/2024,Cash Advance Fee,.40,,Fees & Charges,Fees & Charges
19/01/2024,Oz Lotteries           0393212800    Au,55.80,,Entertainment & Recreation,Gaming & Lotteries
19/01/2024,Cash Advance Fee,1.67,,Fees & Charges,Fees & Charges
22/01/2024,Apple.Com/Au           Sydney        Au,2974.40,,Home & Property,Technology & Appliances
22/01/2024,Jb Hi Fi Castle Hill   Castle Hill   Au,54.00,,Retail & Personal,Retail (shopping)
22/01/2024,Aust Hlth Mgmt Grp P   Wollongong    Au,4.62,,Retail & Personal,Medical & Personal care
22/01/2024,Ahm Travel Insurance   North Sydney  Au,153.00,,Bills & Payments,Insurance
22/01/2024,Phone/Internet Tfr From    0000447865289,,300.00,Deposits,Funds transfer
23/01/2024,Jingwei Ling           Bella Vista   Au,67.67,,Retail & Personal,Medical & Personal care
23/01/2024,Chemist Warehouse Cast Castle Hill   Au,60.96,,Retail & Personal,Medical & Personal care
23/01/2024,Bp Baulkham H 0768     Baulkham Hill Au,84.07,,Transport & Travel,Petrol
23/01/2024,Amazon Marketplace Au  Sydney South  Au,291.79,,Retail & Personal,Retail (shopping)
29/01/2024,Jb Hi Fi Castle Hill   Castle Hill   Au,1586.00,,Retail & Personal,Retail (shopping)
29/01/2024,Phone/Internet Tfr From    0000447865289,,2000.00,Deposits,Funds transfer
30/01/2024,Ahm Health Insurance   Wollongong    Au,101.16,,Bills & Payments,Insurance
31/01/2024,Apple Online Au        Sydney        Au,899.95,,Entertainment & Recreation,"TV, Movies, Music & Games"
01/02/2024,Oz Lotteries           0393212800    Au,31.00,,Entertainment & Recreation,Gaming & Lotteries
01/02/2024,Cash Advance Fee,.93,,Fees & Charges,Fees & Charges
02/02/2024,Bp Baulkham H 0768     Baulkham Hill Au,75.38,,Transport & Travel,Petrol
05/02/2024,Simsdirect             Waterloo      Au,89.00,,Home & Property,Technology & Appliances
05/02/2024,Klook Travel Technolog Melbourne     Au,38.35,,Transport & Travel,Holidays
08/02/2024,Klook Travel Technolog Melbourne     Au,15.59,,Transport & Travel,Holidays
09/02/2024,Phone/Internet Tfr From    0000447865289,,4298.94,Deposits,Funds transfer
12/02/2024,Bkg*Hotel At Booking.C (888)850-3958 Nl Frgn Amt:    97111.00 Yen,1003.05,,Transport & Travel,Holidays
12/02/2024,Foreign Transaction Fee,30.09,,Fees & Charges,Fees & Charges
12/02/2024,Interest Charges - Cash,.31,,Fees & Charges,Interest
13/02/2024,Phone/Internet Tfr From    0000447865289,,1033.45,Deposits,Funds transfer
26/02/2024,Izakaya Fujiyama       Surry Hills   Au,259.00,,Food & Beverage,Dining out
26/02/2024,Sq *Flower Train - Cas Castle Hill   Au,90.00,,Retail & Personal,Retail (shopping)
27/02/2024,Chemist Warehouse      Castle Hill   Au,58.66,,Retail & Personal,Medical & Personal care
27/02/2024,Chemist Warehouse      Castle Hill   Au,17.65,,Retail & Personal,Medical & Personal care
28/02/2024,Phone/Internet Tfr From    0000447865289,,499.04,Deposits,Funds transfer
29/02/2024,Bp Baulkham H 0768     Baulkham Hill Au,73.73,,Transport & Travel,Petrol
29/02/2024,Ahm Health Insurance   Wollongong    Au,104.37,,Bills & Payments,Insurance
04/03/2024,Ls The Lamp Post Resta Shanes Park   Au,88.16,,Food & Beverage,Dining out
05/03/2024,Woolworths/Caroline Ch Winston Hills Au,11.00,,Food & Beverage,Food & Groceries
06/03/2024,Aldi Stores - Winston  Winston Hills Au,33.61,,Food & Beverage,Food & Groceries
07/03/2024,Phone/Internet Tfr From    0000439102433,,237.14,Deposits,Funds transfer
11/03/2024,Coles Express 2152     Baulkham H    Au,50.54,,Transport & Travel,Petrol
11/03/2024,Phone/Internet Tfr From    0000447865289,,91.11,Deposits,Funds transfer
12/03/2024,Miracle Supermarket    Castle Hill   Au,40.57,,Food & Beverage,Food & Groceries
13/03/2024,Phone/Internet Tfr From    0000447865289,,643.49,Deposits,Funds transfer
15/03/2024,Zlr*Woolcott St        Sydney        Au,571.28,,Retail & Personal,Clothing & Shoes
15/03/2024,Bp Baulkham H 0768     Baulkham Hill Au,72.21,,Transport & Travel,Petrol
25/03/2024,Tokyo Den              Burwood       Au,135.91,,Food & Beverage,Dining out
26/03/2024,Bp Baulkham H 0768     Baulkham Hill Au,85.44,,Transport & Travel,Petrol
26/03/2024,Sky Trades Pty Ltd     West Pennant  Au,95.44,,Food & Beverage,Dining out
27/03/2024,Newbalance.Com.Au      Cheltenham    Au,175.00,,Retail & Personal,Clothing & Shoes
02/04/2024,The Meat And Wine Co   Baulkham Hill Au,261.08,,Food & Beverage,Dining out
02/04/2024,Ahm Health Insurance   Wollongong    Au,104.37,,Bills & Payments,Insurance
02/04/2024,Chemist Warehouse      Castle Hill   Au,157.64,,Retail & Personal,Medical & Personal care
02/04/2024,Bp Baulkham H 0768     Baulkham Hill Au,65.33,,Transport & Travel,Petrol
02/04/2024,Event Castle Hill      Castle Hill   Au,100.70,,Entertainment & Recreation,"TV, Movies, Music & Games"
04/04/2024,Event Cinemas Castle   Castle Hill   Au,60.00,,Entertainment & Recreation,"TV, Movies, Music & Games"
04/04/2024,Phone/Internet Tfr From    0000447865289,,1240.91,Deposits,Funds transfer
08/04/2024,Jb Hi Fi Marsden Par   Marsden Park  Au,189.00,,Retail & Personal,Retail (shopping)
09/04/2024,Phone/Internet Tfr From    0000447865289,,264.64,Deposits,Funds transfer
11/04/2024,Bp Baulkham H 0768     Baulkham Hill Au,75.64,,Transport & Travel,Petrol
15/04/2024,Woolworths/Westfield C Parramatta    Au,29.60,,Food & Beverage,Food & Groceries
18/04/2024,Officeworks 0234       Castle Hill   Au,111.96,,Retail & Personal,Retail (shopping)
19/04/2024,Miracle Supermarket    Castle Hill   Au,12.65,,Food & Beverage,Food & Groceries
22/04/2024,Bp Baulkham H 0768     Baulkham Hill Au,84.38,,Transport & Travel,Petrol
22/04/2024,Soak City              Norwest       Au,24.40,,Transport & Travel,Vehicle Expenses
22/04/2024,Uniqlo Australia Pty L Melbourne     Au,74.85,,Retail & Personal,Clothing & Shoes
22/04/2024,Sq *Boffee Cafe        Caves Beach   Au,48.60,,Food & Beverage,Dining out
29/04/2024,Oz Hair Beauty         Miranda       Au,34.95,,Retail & Personal,Retail (shopping)
29/04/2024,Mcdonalds Castle Twr2  Castle Hill   Au,9.90,,Food & Beverage,Dining out
29/04/2024,Ahm Health Insurance   Wollongong    Au,110.13,,Bills & Payments,Insurance
30/04/2024,Miracle Supermarket    Castle Hill   Au,25.49,,Food & Beverage,Food & Groceries
30/04/2024,Chemist Warehouse      Castle Hill   Au,12.98,,Retail & Personal,Medical & Personal care
30/04/2024,Woolworths/Caroline Ch Winston Hills Au,28.70,,Food & Beverage,Food & Groceries
01/05/2024,Sq *Flower Train - Cas Castle Hill   Au,85.00,,Retail & Personal,Retail (shopping)
06/05/2024,Winston Hills Hotel    Winston Hills Au,4.96,,Food & Beverage,Beverages
06/05/2024,Mcdonalds Pmatta Nth   North Parrama Au,7.90,,Food & Beverage,Dining out
07/05/2024,Bp Baulkham H 0768     Baulkham Hill Au,77.20,,Transport & Travel,Petrol
07/05/2024,Woolworths/Caroline Ch Winston Hills Au,25.73,,Food & Beverage,Food & Groceries
08/05/2024,Aldi Stores - Winston  Winston Hills Au,8.80,,Food & Beverage,Food & Groceries
08/05/2024,Phone/Internet Tfr From    0000447865289,,818.18,Deposits,Funds transfer
10/05/2024,Woolworths/Caroline Ch Winston Hills Au,9.10,,Food & Beverage,Food & Groceries
13/05/2024,Terry White Chemist    Winston Hills Au,22.48,,Retail & Personal,Medical & Personal care
13/05/2024,My House Castle Hill   Castle Hill   Au,57.36,,Home & Property,Technology & Appliances
13/05/2024,Coles 0843             Winston Hills Au,21.90,,Food & Beverage,Food & Groceries
13/05/2024,Kmart 1246             Castle Hill   Au,47.00,,Retail & Personal,Retail (shopping)
13/05/2024,Yakiniku Kosu          Castle Hill   Au,56.84,,Food & Beverage,Dining out
13/05/2024,Phone/Internet Tfr From    0000447865289,,31.58,Deposits,Funds transfer
13/05/2024,Phone/Internet Tfr From    0000447865289,,191.20,Deposits,Funds transfer
13/05/2024,Phone/Internet Tfr From    0000447865289,,19.17,Deposits,Funds transfer
14/05/2024,Miracle Supermarket    Castle Hill   Au,8.10,,Food & Beverage,Food & Groceries
15/05/2024,Aldi Stores - Winston  Winston Hills Au,19.17,,Food & Beverage,Food & Groceries
15/05/2024,Chemist Warehouse      Castle Hill   Au,6.99,,Retail & Personal,Medical & Personal care
16/05/2024,Goodgamescastlehill    Castle Hill   Au,50.88,,Entertainment & Recreation,"TV, Movies, Music & Games"
20/05/2024,Sq *Flower Train - Cas Castle Hill   Au,35.00,,Retail & Personal,Retail (shopping)
20/05/2024,Miniso Castle Tower    Castle Hill   Au,39.99,,Retail & Personal,Retail (shopping)
20/05/2024,Coles 0970             Ropes Crsng   Au,3.25,,Food & Beverage,Food & Groceries
21/05/2024,Smp*Tem Tem Thai       Ropes Crossin Au,38.42,,Food & Beverage,Dining out
21/05/2024,Miracle Supermarket    Castle Hill   Au,25.54,,Food & Beverage,Food & Groceries
21/05/2024,Rebel Castle Hill      Castle Hill   Au,50.99,,Entertainment & Recreation,Sports & Leisure
22/05/2024,Aldi Stores - Winston  Winston Hills Au,9.20,,Food & Beverage,Food & Groceries
23/05/2024,Oz Lotteries           Melbourne     Au,7.10,,Entertainment & Recreation,Gaming & Lotteries
23/05/2024,Cash Advance Fee,.21,,Fees & Charges,Fees & Charges
27/05/2024,Woolworths/Caroline Ch Winston Hills Au,51.70,,Food & Beverage,Food & Groceries
27/05/2024,Clever* Fantastic      Sydney        Au,81.00,,Home & Property,Services & Tradespeople
27/05/2024,My House Castle Hill   Castle Hill   Au,102.00,,Home & Property,Technology & Appliances
28/05/2024,Xf Espresso Nk         North Kellyvi Au,29.44,,Food & Beverage,Dining out
28/05/2024,Bp Baulkham H 0768     Baulkham Hill Au,72.10,,Transport & Travel,Petrol
28/05/2024,Chemist Warehouse      Castle Hill   Au,55.97,,Retail & Personal,Medical & Personal care
28/05/2024,Woolworths/Caroline Ch Winston Hills Au,28.49,,Food & Beverage,Food & Groceries
29/05/2024,Nxt*Lindus Baulkham Hi Baulkham Hill Au,60.65,,Home & Property,Services & Tradespeople
29/05/2024,Ahm Health Insurance   Wollongong    Au,110.13,,Bills & Payments,Insurance
30/05/2024,Pline Ph Westmead      Westmead      Au,4.74,,Retail & Personal,Medical & Personal care
30/05/2024,Plineph Baulkham Hill  Baulkham Hill Au,10.99,,Retail & Personal,Medical & Personal care
03/06/2024,Js Laundromat Pty Ltd  Ropes Crossin Au,8.35,,Home & Property,Services & Tradespeople
03/06/2024,Coles 0843             Winston Hills Au,3.00,,Food & Beverage,Food & Groceries
04/06/2024,Doodee King            Castle Hill   Au,38.37,,Food & Beverage,Dining out
04/06/2024,Miracle Supermarket    Castle Hill   Au,16.94,,Food & Beverage,Food & Groceries
04/06/2024,Chemist Warehouse      Castle Hill   Au,34.60,,Retail & Personal,Medical & Personal care
04/06/2024,Goodgamescastlehill    Castle Hill   Au,71.04,,Entertainment & Recreation,"TV, Movies, Music & Games"
04/06/2024,Goodgamescastlehill    Castle Hill   Au,5.03,,Entertainment & Recreation,"TV, Movies, Music & Games"
05/06/2024,Red Rooster Glendenn   Glendenning   Au,13.20,,Food & Beverage,Dining out
05/06/2024,Bp Baulkham H 0768     Baulkham Hill Au,69.79,,Transport & Travel,Petrol
10/06/2024,Playerauctions         800-3902208   Us Frgn Amt:       14.03 Us Dollar,21.18,,Home & Property,Services & Tradespeople
10/06/2024,Foreign Transaction Fee,.64,,Fees & Charges,Fees & Charges
10/06/2024,Woolworths/Caroline Ch Winston Hills Au,20.25,,Food & Beverage,Food & Groceries
10/06/2024,Aldi Stores - Winston  Winston Hills Au,18.16,,Food & Beverage,Food & Groceries
10/06/2024,Uniqlo Castle Tower    Castle Hill   Au,19.90,,Retail & Personal,Clothing & Shoes
10/06/2024,Yakiniku Kosu          Castle Hill   Au,56.84,,Food & Beverage,Dining out
10/06/2024,Terry White Chemist    Winston Hills Au,11.49,,Retail & Personal,Medical & Personal care
10/06/2024,Phone/Internet Tfr From    0000447865289,,1443.45,Deposits,Funds transfer
11/06/2024,Miracle Supermarket    Castle Hill   Au,10.10,,Food & Beverage,Food & Groceries
11/06/2024,Chemist Warehouse      Castle Hill   Au,19.99,,Retail & Personal,Medical & Personal care
11/06/2024,Aldi Stores - Winston  Winston Hills Au,105.49,,Food & Beverage,Food & Groceries
11/06/2024,Terry White Chemist    Winston Hills Au,24.95,,Retail & Personal,Medical & Personal care
11/06/2024,Phone/Internet Tfr From    0000439102433,,.64,Deposits,Funds transfer
12/06/2024,Interest Charges - Cash,.07,,Fees & Charges,Interest
13/06/2024,Phone/Internet Tfr From    0000447865289,,.07,Deposits,Funds transfer
17/06/2024,Playerauctions         800-3902208   Us Frgn Amt:       17.74 Us Dollar,26.90,,Home & Property,Services & Tradespeople
17/06/2024,Foreign Transaction Fee,.81,,Fees & Charges,Fees & Charges
17/06/2024,Plineph Baulkham Hill  Baulkham Hill Au,40.36,,Retail & Personal,Medical & Personal care
17/06/2024,Coles 0840             Sydney        Au,1.15,,Food & Beverage,Food & Groceries
17/06/2024,Mcdonalds Sydney Gate  Sydney        Au,8.95,,Food & Beverage,Dining out
18/06/2024,Miracle Supermarket    Castle Hill   Au,14.94,,Food & Beverage,Food & Groceries
18/06/2024,Bp Baulkham H 0768     Baulkham Hill Au,83.85,,Transport & Travel,Petrol
18/06/2024,Wilson Parking Syd378  North Marys   Au,5.00,,Transport & Travel,Parking & Tolls
24/06/2024,Aldi Stores - Winston  Winston Hills Au,21.16,,Food & Beverage,Food & Groceries
24/06/2024,Steam Purchase         Seattle       De,41.27,,Entertainment & Recreation,"TV, Movies, Music & Games"
24/06/2024,Foreign Transaction Fee,1.24,,Fees & Charges,Fees & Charges
24/06/2024,Steamgames.Com 4259522 912-1844160   Us,25.51,,Entertainment & Recreation,"TV, Movies, Music & Games"
24/06/2024,Foreign Transaction Fee,.77,,Fees & Charges,Fees & Charges
24/06/2024,Baulkham Chemist 1 Pl  Baulkham Hill Au,44.47,,Retail & Personal,Medical & Personal care
24/06/2024,Big W/Caroline Chishol Winston Hills Au,14.00,,Retail & Personal,Retail (shopping)
24/06/2024,Woolworths/Caroline Ch Winston Hills Au,3.75,,Food & Beverage,Food & Groceries
25/06/2024,Mcdonalds Dt 1823      Bella Vista   Au,10.80,,Food & Beverage,Dining out
25/06/2024,Js Laundromat Pty Ltd  Ropes Crossin Au,7.35,,Home & Property,Services & Tradespeople
25/06/2024,Steamgames.Com 4259522 912-1844160   Us,12.79,,Entertainment & Recreation,"TV, Movies, Music & Games"
25/06/2024,Foreign Transaction Fee,.38,,Fees & Charges,Fees & Charges
26/06/2024,Norwest Care Chemist   Bella Vista   Au,57.85,,Retail & Personal,Medical & Personal care
26/06/2024,University Of Sydney   Sydney        Au,18.00,,Retail & Personal,Education & Training
26/06/2024,San Jose Place         Sydney        Au,3.30,,Food & Beverage,Dining out
28/06/2024,Mcdonalds Norwest Ii   Bella Vista   Au,10.45,,Food & Beverage,Dining out
01/07/2024,Www.Grouptogether.Com  Sydney        Au,15.00,,Bills & Payments,Gifts & Donations
01/07/2024,La Boucherie Pty Ltd   Baulkham Hill Au,164.85,,Food & Beverage,Dining out
01/07/2024,Steam Purchase         Seattle       De,7.31,,Entertainment & Recreation,"TV, Movies, Music & Games"
01/07/2024,Foreign Transaction Fee,.22,,Fees & Charges,Fees & Charges
01/07/2024,Steamgames.Com 4259522 912-1844160   Us,8.98,,Entertainment & Recreation,"TV, Movies, Music & Games"
01/07/2024,Foreign Transaction Fee,.27,,Fees & Charges,Fees & Charges
01/07/2024,Ahm Health Insurance   Wollongong    Au,110.13,,Bills & Payments,Insurance
02/07/2024,Chemist Warehouse Cast Castle Hill   Au,20.98,,Retail & Personal,Medical & Personal care
02/07/2024,Jb Hi Fi Castle Hill   Castle Hill   Au,279.00,,Retail & Personal,Retail (shopping)
03/07/2024,Bp Baulkham H 0768     Baulkham Hill Au,78.74,,Transport & Travel,Petrol
03/07/2024,Steam Purchase         Seattle       De,41.26,,Entertainment & Recreation,"TV, Movies, Music & Games"
03/07/2024,Foreign Transaction Fee,1.24,,Fees & Charges,Fees & Charges
04/07/2024,Coles 0840             Sydney        Au,2.80,,Food & Beverage,Food & Groceries
04/07/2024,San Jose Place         Sydney        Au,3.30,,Food & Beverage,Dining out
05/07/2024,Clever* Fantastic      Sydney        Au,59.00,,Home & Property,Services & Tradespeople
05/07/2024,Steam Purchase         Seattle       De,41.34,,Entertainment & Recreation,"TV, Movies, Music & Games"
05/07/2024,Foreign Transaction Fee,1.24,,Fees & Charges,Fees & Charges
05/07/2024,Wilson Parking Syd378  North Marys   Au,,5.00,Deposits,Refunds and Adjustments
08/07/2024,Js Laundromat Pty Ltd  Ropes Crossin Au,5.35,,Home & Property,Services & Tradespeople
08/07/2024,Woolworths/Caroline Ch Winston Hills Au,17.80,,Food & Beverage,Food & Groceries
10/07/2024,Aldi Stores - Winston  Winston Hills Au,15.95,,Food & Beverage,Food & Groceries
11/07/2024,Mcdonalds Dt 1823      Bella Vista   Au,5.85,,Food & Beverage,Dining out
11/07/2024,Phone/Internet Tfr From    0000439102433,,1.00,Deposits,Funds transfer
11/07/2024,Phone/Internet Tfr From    0000439102433,,1330.66,Deposits,Funds transfer
15/07/2024,Dr Louie Lau           Winston Hills Au,95.00,,Retail & Personal,Medical & Personal care
15/07/2024,Dbs*Anytime Fitness Wi Winston Hills Au,51.40,,Bills & Payments,Memberships
15/07/2024,3Queensbury Pty Ltd    Winston Hills Au,22.36,,Food & Beverage,Dining out
15/07/2024,Woolworths/Caroline Ch Winston Hills Au,14.80,,Food & Beverage,Food & Groceries
15/07/2024,Woolworths/Caroline Ch Winston Hills Au,33.74,,Food & Beverage,Food & Groceries
16/07/2024,Bp Baulkham H 0768     Baulkham Hill Au,50.48,,Transport & Travel,Petrol
16/07/2024,Ahavah Group Pty Ltd   Bella Vista   Au,73.73,,Retail & Personal,Medical & Personal care
17/07/2024,Norwest Care Chemist   Bella Vista   Au,16.95,,Retail & Personal,Medical & Personal care
19/07/2024,Fresha                 Sydney        Au,66.57,,Retail & Personal,Retail (shopping)
19/07/2024,Transportfornsw Opal   Chippendale   Au,20.00,,Transport & Travel,Public transport
19/07/2024,Paypal *Bjl123Bj       4029357733    Au,74.58,,Home & Property,Services & Tradespeople
19/07/2024,Paypal *Nathanjamespol 4029357733    Au,74.58,,Home & Property,Services & Tradespeople
19/07/2024,Uniqlo Mid City        Sydney        Au,25.05,,Retail & Personal,Clothing & Shoes
22/07/2024,Paypal *Ylberrrjolli   4029357733    Au,74.58,,Home & Property,Services & Tradespeople
22/07/2024,Paypal *Ilirrrjolli    4029357733    Au,74.58,,Home & Property,Services & Tradespeople
22/07/2024,Club Parramatta        Parramatta    Au,10.90,,Food & Beverage,Beverages
22/07/2024,Club Parramatta        Parramatta    Au,10.90,,Food & Beverage,Beverages
22/07/2024,Linkt Sydney           Sydney        Au,20.18,,Transport & Travel,Parking & Tolls
22/07/2024,Parramatta Rsl Club    Parramatta    Au,12.00,,Bills & Payments,Memberships
22/07/2024,Coles 0970             Ropes Crsng   Au,2.70,,Food & Beverage,Food & Groceries
22/07/2024,Amznprimeau Membership Sydney South  Au,9.99,,Retail & Personal,Retail (shopping)
22/07/2024,Mcdonaldssevenhillsnt  Seven Hills   Au,17.55,,Food & Beverage,Dining out
22/07/2024,Coles 0843             Winston Hills Au,47.80,,Food & Beverage,Food & Groceries
22/07/2024,Coles 0970             Ropes Crsng   Au,12.45,,Food & Beverage,Food & Groceries
23/07/2024,Bp Baulkham H 0768     Baulkham Hill Au,79.12,,Transport & Travel,Petrol
23/07/2024,Bakers Delight Winston Winston Hills Au,3.50,,Food & Beverage,Food & Groceries
24/07/2024,Med*Aldimobile         Chatswood     Au,29.00,,Bills & Payments,Telecommunications
24/07/2024,Kfc Au Baulkham Hills  Pennant Hills Au,7.95,,Food & Beverage,Dining out
24/07/2024,Elevation107           Baulkham Hill Au,159.99,,Entertainment & Recreation,Sports & Leisure
24/07/2024,Dropbox Tztz4Pd1Pk1W   Db.Tt/Cchelp  Ie,18.69,,Bills & Payments,Telecommunications
24/07/2024,Foreign Transaction Fee,.56,,Fees & Charges,Fees & Charges
26/07/2024,Snow City              Jindabyne     Au,155.70,,Transport & Travel,Vehicle Expenses
29/07/2024,Perisher               Perisher Vall Au,469.00,,Entertainment & Recreation,Sports & Leisure
29/07/2024,Snow City              Jindabyne     Au,,87.30,Deposits,Refunds and Adjustments
29/07/2024,Miracle Supermarket    Castle Hill   Au,21.54,,Food & Beverage,Food & Groceries
29/07/2024,Rhythm Snow 0983       Cooma         Au,68.31,,Transport & Travel,Petrol
29/07/2024,Dbs*Anytime Fitness  W Winston Hills Au,43.90,,Bills & Payments,Memberships
29/07/2024,Kmart 1246             Castle Hill   Au,12.00,,Retail & Personal,Retail (shopping)
29/07/2024,Snow City              Jindabyne     Au,7.60,,Transport & Travel,Vehicle Expenses
29/07/2024,Snow City              Jindabyne     Au,50.00,,Transport & Travel,Vehicle Expenses
29/07/2024,Aldos Cafe And Pizzeri Perisher Vall Au,26.16,,Food & Beverage,Dining out
29/07/2024,Hubbl - Kayo Sports    North Ryde    Au,35.00,,Entertainment & Recreation,"TV, Movies, Music & Games"
29/07/2024,Ahm Health Insurance   Wollongong    Au,110.13,,Bills & Payments,Insurance
30/07/2024,Bp Exp Marulan 2328    Marulan       Au,7.50,,Transport & Travel,Petrol
30/07/2024,Bp Baulkham H 0768     Baulkham Hill Au,38.99,,Transport & Travel,Petrol
30/07/2024,Perisher Pharmacy      Perisher Vall Au,5.00,,Retail & Personal,Medical & Personal care
30/07/2024,Mcdonalds Cooma        Cooma         Au,11.65,,Food & Beverage,Dining out
30/07/2024,Perisher               Perisher Vall Au,21.49,,Entertainment & Recreation,Sports & Leisure
31/07/2024,Caltex Denham Court    Denham Court  Au,79.92,,Transport & Travel,Petrol
31/07/2024,Coles 0840             Sydney        Au,8.00,,Food & Beverage,Food & Groceries
31/07/2024,San Jose Place         Sydney        Au,3.30,,Food & Beverage,Dining out
01/08/2024,Transportfornsw Opal   Chippendale   Au,20.00,,Transport & Travel,Public transport
01/08/2024,Linkt Sydney           Sydney        Au,20.18,,Transport & Travel,Parking & Tolls
01/08/2024,Coles 0840             Sydney        Au,4.50,,Food & Beverage,Food & Groceries
01/08/2024,Coles 0840             Sydney        Au,9.50,,Food & Beverage,Food & Groceries
02/08/2024,Transportfornsw Opal   Chippendale   Au,20.00,,Transport & Travel,Public transport
05/08/2024,Woolworths/Caroline Ch Winston Hills Au,28.00,,Food & Beverage,Food & Groceries
05/08/2024,Webjet                 Melbourne     Au,532.82,,Transport & Travel,Holidays
05/08/2024,Coles 0825             Castle Hill   Au,19.64,,Food & Beverage,Food & Groceries
05/08/2024,Phone/Internet Tfr From    0000447865289,,11.31,Deposits,Funds transfer
06/08/2024,Miracle Supermarket    Castle Hill   Au,7.50,,Food & Beverage,Food & Groceries
06/08/2024,Chemist Warehouse      Castle Hill   Au,55.05,,Retail & Personal,Medical & Personal care
06/08/2024,Aldi Stores - Castle H Castle Hill   Au,19.17,,Food & Beverage,Food & Groceries
06/08/2024,Seven Hills            Seven Hills   Au,11.95,,Food & Beverage,Dining out
07/08/2024,Linkt Sydney           Sydney        Au,20.18,,Transport & Travel,Parking & Tolls
07/08/2024,Aami Ctp               Brisbane      Au,424.62,,Bills & Payments,Insurance
07/08/2024,Bakers Delight Winston Winston Hills Au,3.50,,Food & Beverage,Food & Groceries
07/08/2024,Coles 0843             Winston Hills Au,10.25,,Food & Beverage,Food & Groceries
07/08/2024,J & W Computers        Castle Hill   Au,169.00,,Home & Property,Technology & Appliances
07/08/2024,Phone/Internet Tfr From    0000439102433,,2000.00,Deposits,Funds transfer
08/08/2024,Coles 0840             Sydney        Au,7.50,,Food & Beverage,Food & Groceries
08/08/2024,San Jose Place         Sydney        Au,3.30,,Food & Beverage,Dining out
09/08/2024,Transportfornsw Opal   Chippendale   Au,20.00,,Transport & Travel,Public transport
09/08/2024,Google One             Barangaroo    Au,2.49,,Bills & Payments,Professional & Govt services
12/08/2024,Dbs*Anytime Fitness  W Winston Hills Au,43.90,,Bills & Payments,Memberships
12/08/2024,Service Nsw            Sydney        Au,627.75,,Bills & Payments,Professional & Govt services
12/08/2024,Phone/Internet Tfr From    0000439102433,,2368.06,Deposits,Funds transfer
19/08/2024,Coles 0970             Ropes Crsng   Au,30.30,,Food & Beverage,Food & Groceries
19/08/2024,Coles 0970             Ropes Crsng   Au,16.00,,Food & Beverage,Food & Groceries
19/08/2024,Qantas Air  0812357925 Nsw           Au,1276.48,,Transport & Travel,Air Travel
19/08/2024,Qantas Air  0812357925 Nsw           Au,1276.48,,Transport & Travel,Air Travel
19/08/2024,Qantas Air  0812357925 Nsw           Au,301.62,,Transport & Travel,Air Travel
19/08/2024,Qantas Air  0812357925 Nsw           Au,301.62,,Transport & Travel,Air Travel
20/08/2024,Hubbl - Kayo Sports    North Ryde    Au,35.00,,Entertainment & Recreation,"TV, Movies, Music & Games"
20/08/2024,Js Laundromat Pty Ltd  Ropes Crossin Au,7.35,,Home & Property,Services & Tradespeople
20/08/2024,Bp Baulkham H 0768     Baulkham Hill Au,75.38,,Transport & Travel,Petrol
20/08/2024,Linkt Sydney           Sydney        Au,20.18,,Transport & Travel,Parking & Tolls
21/08/2024,Woolworths/Caroline Ch Winston Hills Au,9.25,,Food & Beverage,Food & Groceries
22/08/2024,Bakers Delight Winston Winston Hills Au,12.00,,Food & Beverage,Food & Groceries
22/08/2024,Amznprimeau Membership Sydney South  Au,9.99,,Retail & Personal,Retail (shopping)
22/08/2024,Dropbox X6Dsmbfpmv3W   Db.Tt/Cchelp  Ie,18.69,,Bills & Payments,Telecommunications
22/08/2024,Foreign Transaction Fee,.56,,Fees & Charges,Fees & Charges
23/08/2024,Transportfornsw Opal   Chippendale   Au,20.00,,Transport & Travel,Public transport
26/08/2024,Oz Lotteries           Melbourne     Au,55.80,,Entertainment & Recreation,Gaming & Lotteries
26/08/2024,Dbs*Anytime Fitness  W Winston Hills Au,43.90,,Bills & Payments,Memberships
26/08/2024,Med*Aldimobile         Chatswood     Au,29.00,,Bills & Payments,Telecommunications
26/08/2024,Soak City              Norwest       Au,24.40,,Transport & Travel,Vehicle Expenses
26/08/2024,Hungry Jacks           South Wentwor Au,9.60,,Food & Beverage,Dining out
26/08/2024,Woolworths/Caroline Ch Winston Hills Au,21.00,,Food & Beverage,Food & Groceries
26/08/2024,Cash Advance Fee,1.67,,Fees & Charges,Fees & Charges
27/08/2024,Terry White Chemist    Winston Hills Au,99.99,,Retail & Personal,Medical & Personal care
27/08/2024,Paypal *Ubereats Au    4029357733    Au,34.84,,Food & Beverage,Dining out
27/08/2024,Woolworths/Caroline Ch Winston Hills Au,33.00,,Food & Beverage,Food & Groceries
29/08/2024,Ahm Health Insurance   Wollongong    Au,110.13,,Bills & Payments,Insurance
02/09/2024,Transportfornsw Opal   Chippendale   Au,20.00,,Transport & Travel,Public transport
02/09/2024,Sq *13 Cabs            Brunswick     Au,73.40,,Transport & Travel,Taxi & Rental car
02/09/2024,Jetstar Airways        Sydney        Au,75.00,,Transport & Travel,Air Travel
02/09/2024,Veloce Expresso Pl     Mascot        Au,18.75,,Food & Beverage,Dining out
02/09/2024,Nxt*Bar Spontana 4 Sax Brusnwick     Au,124.20,,Food & Beverage,Dining out
02/09/2024,Transportfornsw Opal   Chippendale   Au,20.00,,Transport & Travel,Public transport
02/09/2024,Thebanhmi Pty Ltd      Brunswick     Au,12.00,,Food & Beverage,Dining out
02/09/2024,Sq *Good Days Noodle B Brunswick     Au,52.00,,Food & Beverage,Dining out
02/09/2024,Ona Coffee Melbourne   Brunswick     Au,23.66,,Food & Beverage,Dining out
02/09/2024,Sq *Fluffy Torpedo - S Brunswick     Au,7.20,,Food & Beverage,Dining out
02/09/2024,Phone/Internet Tfr From    0000439102433,,2000.54,Deposits,Funds transfer
03/09/2024,Paypal *Uber Au        4029357733    Au,23.17,,Transport & Travel,Taxi & Rental car
03/09/2024,Paypal *Uber Au        4029357733    Au,32.59,,Transport & Travel,Taxi & Rental car
03/09/2024,Paypal *Uber Au        4029357733    Au,3.00,,Transport & Travel,Taxi & Rental car
03/09/2024,Mcdonalds Melb Air T4  Melbourne Air Au,8.95,,Food & Beverage,Dining out
03/09/2024,Myki Jewell Rs    Jwl  Brunswick     Au,26.00,,Transport & Travel,Public transport
04/09/2024,Linkt Sydney           Sydney        Au,20.18,,Transport & Travel,Parking & Tolls
04/09/2024,Amazon Marketplace Au  Sydney South  Au,79.99,,Retail & Personal,Retail (shopping)
05/09/2024,Jb Hi Fi Castle Towe   Castle Hill   Au,159.00,,Retail & Personal,Retail (shopping)
05/09/2024,Bp Baulkham H 0768     Baulkham Hill Au,76.15,,Transport & Travel,Petrol
05/09/2024,San Jose Place         Sydney        Au,3.30,,Food & Beverage,Dining out
06/09/2024,Transportfornsw Opal   Chippendale   Au,20.00,,Transport & Travel,Public transport
09/09/2024,Dbs*Anytime Fitness  W Winston Hills Au,43.90,,Bills & Payments,Memberships
09/09/2024,Google One             Barangaroo    Au,2.49,,Entertainment & Recreation,"TV, Movies, Music & Games"
09/09/2024,Airbnb * Hmc84Bywhk    Surry Hills   Au,67.59,,Transport & Travel,Holidays
10/09/2024,Phone/Internet Tfr From    0000439102433,,2957.38,Deposits,Funds transfer
11/09/2024,Linkt Sydney           Sydney        Au,20.18,,Transport & Travel,Parking & Tolls
12/09/2024,Paypal *Amy Louise     0432148527    Au,70.99,,Retail & Personal,Clothing & Shoes
12/09/2024,Interest Charges - Cash,.38,,Fees & Charges,Interest
16/09/2024,Woolworths/Caroline Ch Winston Hills Au,68.35,,Food & Beverage,Food & Groceries
16/09/2024,Paypal *Amazingtalk    4029357733    Hk,21.41,,Retail & Personal,Education & Training
16/09/2024,Foreign Transaction Fee,.64,,Fees & Charges,Fees & Charges
16/09/2024,Sq *Leaf Cafe Marsden  Marsden Park  Au,26.39,,Food & Beverage,Dining out
18/09/2024,Paypal *Amazingtalk    4029357733    Hk,712.46,,Retail & Personal,Education & Training
18/09/2024,Foreign Transaction Fee,21.37,,Fees & Charges,Fees & Charges
19/09/2024,Bp Baulkham H 0768     Baulkham Hill Au,72.69,,Transport & Travel,Petrol
19/09/2024,Muji Retail (Austral   Sydney        Au,8.95,,Retail & Personal,Retail (shopping)
20/09/2024,Hubbl - Kayo Sports    North Ryde    Au,35.00,,Entertainment & Recreation,"TV, Movies, Music & Games"
23/09/2024,Dbs*Anytime Fitness  W Winston Hills Au,43.90,,Bills & Payments,Memberships
23/09/2024,Amznprimeau Membership Sydney South  Au,9.99,,Retail & Personal,Retail (shopping)
23/09/2024,Linkt Sydney           Sydney        Au,20.18,,Transport & Travel,Parking & Tolls
23/09/2024,Kmart 1246             Castle Hill   Au,9.00,,Retail & Personal,Retail (shopping)
23/09/2024,Dropbox 3Jstqrfy6Ntp   Db.Tt/Cchelp  Ie,18.69,,Bills & Payments,Telecommunications
23/09/2024,Foreign Transaction Fee,.56,,Fees & Charges,Fees & Charges
23/09/2024,Jal Airline 1312141183 Sydney        Au,3401.40,,Transport & Travel,Air Travel
23/09/2024,Booking.Com            Amsterdam     Nl Frgn Amt:    21644.52 Philippine Peso,573.57,,Transport & Travel,Holidays
23/09/2024,Foreign Transaction Fee,17.21,,Fees & Charges,Fees & Charges
24/09/2024,Chemist Warehouse      Castle Hill   Au,62.86,,Retail & Personal,Medical & Personal care
24/09/2024,Mcdonalds Dt 1823      Bella Vista   Au,5.85,,Food & Beverage,Dining out
24/09/2024,Woolworths/Caroline Ch Winston Hills Au,24.90,,Food & Beverage,Food & Groceries
24/09/2024,Ahm Travel Insurance   North Sydney  Au,120.60,,Bills & Payments,Insurance
25/09/2024,Linkt Sydney           Sydney        Au,20.18,,Transport & Travel,Parking & Tolls
26/09/2024,Med*Aldimobile         Chatswood     Au,29.00,,Bills & Payments,Telecommunications
27/09/2024,Transportfornsw Opal   Chippendale   Au,20.00,,Transport & Travel,Public transport
27/09/2024,Transportfornsw Opal   Chippendale   Au,20.00,,Transport & Travel,Public transport
27/09/2024,Sp Simsdirect          Waterloo      Au,44.00,,Home & Property,Technology & Appliances
30/09/2024,Chemist Warehouse      Castle Hill   Au,19.98,,Retail & Personal,Medical & Personal care
30/09/2024,Jb Hi Fi Castle Towe   Castle Hill   Au,7.95,,Retail & Personal,Retail (shopping)
30/09/2024,Fresha                 Sydney        Au,66.57,,Retail & Personal,Retail (shopping)
30/09/2024,Paypal *Uber Au        4029357733    Au,5.00,,Transport & Travel,Taxi & Rental car
30/09/2024,Paypal *Uber Au        4029357733    Au,12.58,,Transport & Travel,Taxi & Rental car
30/09/2024,Sydney International   Mascot        Au,33.98,,Retail & Personal,Medical & Personal care
30/09/2024,Wolfgang Puck Bistro   Mascot        Au,70.20,,Food & Beverage,Dining out
30/09/2024,Amazon Prime*4850A7K73 Amzn.Com/Bill Us Frgn Amt:       14.99 Us Dollar,21.83,,Retail & Personal,Retail (shopping)
30/09/2024,Foreign Transaction Fee,.65,,Fees & Charges,Fees & Charges
30/09/2024,Ahm Health Insurance   Wollongong    Au,110.13,,Bills & Payments,Insurance
02/10/2024,Plineph Baulkham Hill  Baulkham Hill Au,85.59,,Retail & Personal,Medical & Personal care
03/10/2024,Paypal *Uber Au        4029357733    Au,38.48,,Transport & Travel,Taxi & Rental car
03/10/2024,Transportfornsw Opal   Chippendale   Au,20.00,,Transport & Travel,Public transport
03/10/2024,Paypal *Instantscri    4029357733    Au,24.00,,Retail & Personal,Medical & Personal care
03/10/2024,Www.Qagoma.Qld.Gov.Au  South Brisban Au,79.29,,Food & Beverage,Dining out
03/10/2024,San Jose Place         Sydney        Au,7.20,,Food & Beverage,Dining out
03/10/2024,Utopia Suites Manage   Fortitude Val Au,269.10,,Transport & Travel,Hotels and Accommodation
04/10/2024,Paypal *Uber Au        4029357733    Au,11.65,,Transport & Travel,Taxi & Rental car
04/10/2024,Paypal *Uber Au        4029357733    Au,5.00,,Transport & Travel,Taxi & Rental car
04/10/2024,Superbowl Restaurant   Fortitude Val Au,79.42,,Food & Beverage,Dining out
04/10/2024,Paypal *Uber Au        4029357733    Au,35.86,,Transport & Travel,Taxi & Rental car
04/10/2024,Paypal *Uber Au        4029357733    Au,38.74,,Transport & Travel,Taxi & Rental car
04/10/2024,Syd301                 Mascot        Au,6.09,,Retail & Personal,Retail (shopping)
07/10/2024,Paypal *Uber Au        4029357733    Au,40.63,,Transport & Travel,Taxi & Rental car
07/10/2024,Paypal *Uber Au        4029357733    Au,23.58,,Transport & Travel,Taxi & Rental car
07/10/2024,Toastiesmith The Galer Sydney        Au,12.69,,Food & Beverage,Dining out
07/10/2024,Airport Retail Enter   Northgate     Au,5.97,,Food & Beverage,Dining out
07/10/2024,Dbs*Anytime Fitness  W Winston Hills Au,43.90,,Bills & Payments,Memberships
07/10/2024,Crosslab Pty Ltd       Burwood       Au,38.57,,Entertainment & Recreation,Sports & Leisure
07/10/2024,Chumi Holding Pty Ltd  Burwood       Au,8.12,,Food & Beverage,Dining out
07/10/2024,Sq *Seven Hills Kangar Seven Hills   Au,3.50,,Entertainment & Recreation,Sports & Leisure
07/10/2024,Bunnings 746000        Seven Hills   Au,42.27,,Home & Property,Furnishings
07/10/2024,Linkt Sydney           Sydney        Au,20.18,,Transport & Travel,Parking & Tolls
07/10/2024,U-Go Baulkham Hills    Alexandria    Au,70.00,,Transport & Travel,Petrol
07/10/2024,Coles 0970             Ropes Crsng   Au,12.50,,Food & Beverage,Food & Groceries
08/10/2024,Chemist Warehouse      Sydney Olympi Au,10.99,,Retail & Personal,Medical & Personal care
08/10/2024,Linkt Sydney           Sydney        Au,20.18,,Transport & Travel,Parking & Tolls
09/10/2024,Google One             Pyrmont       Au,2.49,,Entertainment & Recreation,"TV, Movies, Music & Games"
09/10/2024,Phone/Internet Tfr From    0000439102433,,6814.39,Deposits,Funds transfer
11/10/2024,Woolworths/Caroline Ch Winston Hills Au,29.35,,Food & Beverage,Food & Groceries
14/10/2024,Woolworths/Caroline Ch Winston Hills Au,8.90,,Food & Beverage,Food & Groceries
15/10/2024,Miracle Supermarket    Castle Hill   Au,17.49,,Food & Beverage,Food & Groceries
15/10/2024,Aldi Stores - Castle H Castle Hill   Au,17.96,,Food & Beverage,Food & Groceries
15/10/2024,Steamgames.Com 4259522 912-1844160   Us,21.95,,Entertainment & Recreation,"TV, Movies, Music & Games"
15/10/2024,Foreign Transaction Fee,.66,,Fees & Charges,Fees & Charges
16/10/2024,Linkt Sydney           Sydney        Au,20.18,,Transport & Travel,Parking & Tolls
16/10/2024,Woolworths/Caroline Ch Winston Hills Au,47.43,,Food & Beverage,Food & Groceries
18/10/2024,Transportfornsw Opal   Chippendale   Au,20.00,,Transport & Travel,Public transport
21/10/2024,Hubbl - Kayo Sports    North Ryde    Au,35.00,,Entertainment & Recreation,"TV, Movies, Music & Games"
21/10/2024,Dbs*Anytime Fitness  W Winston Hills Au,43.90,,Bills & Payments,Memberships
21/10/2024,Ikea Marsden Park      Marsden Park  Au,16.00,,Home & Property,Furnishings
21/10/2024,Ikea Marsden Park      Marsden Park  Au,24.00,,Home & Property,Furnishings
21/10/2024,Bunnings 775000        Marsden Park  Au,32.75,,Home & Property,Furnishings
21/10/2024,Paypal *Dominos Domino 4029357733    Au,26.50,,Food & Beverage,Dining out
22/10/2024,Bp Baulkham H 0768     Baulkham Hill Au,65.55,,Transport & Travel,Petrol
22/10/2024,Amznprimeau Membership Sydney South  Au,9.99,,Retail & Personal,Retail (shopping)
22/10/2024,Dropbox 5W482Pwnsr87   Db.Tt/Cchelp  Ie,18.69,,Bills & Payments,Telecommunications
22/10/2024,Foreign Transaction Fee,.56,,Fees & Charges,Fees & Charges
23/10/2024,Woolworths/Caroline Ch Winston Hills Au,23.55,,Food & Beverage,Food & Groceries
24/10/2024,Paypal *Bunningsgro    4029357733    Au,269.95,,Home & Property,"Maintenance, Repairs & Renovations"
25/10/2024,Amazon Marketplace Au  Sydney South  Au,76.49,,Retail & Personal,Retail (shopping)
25/10/2024,Woolworths/Caroline Ch Winston Hills Au,48.55,,Food & Beverage,Food & Groceries
28/10/2024,Winstonhills Newsagncy Winston Hills Au,7.99,,Entertainment & Recreation,Books & Subscriptions
28/10/2024,Med*Aldimobile         Chatswood     Au,29.00,,Bills & Payments,Telecommunications
28/10/2024,Paypal *Ubereats Au    4029357733    Au,39.69,,Food & Beverage,Dining out
28/10/2024,Linkt Sydney           Sydney        Au,20.18,,Transport & Travel,Parking & Tolls
29/10/2024,Linkt Sydney           Sydney        Au,20.18,,Transport & Travel,Parking & Tolls
29/10/2024,Amazon Marketplace Au  Sydney South  Au,148.47,,Retail & Personal,Retail (shopping)
29/10/2024,Ahm Health Insurance   Wollongong    Au,110.13,,Bills & Payments,Insurance
30/10/2024,Bunnings 746000        Seven Hills   Au,173.84,,Home & Property,Furnishings
31/10/2024,Woolworths/Caroline Ch Winston Hills Au,67.00,,Food & Beverage,Food & Groceries
31/10/2024,Coles 0840             Sydney        Au,4.50,,Food & Beverage,Food & Groceries
01/11/2024,Bp Baulkham H 0768     Baulkham Hill Au,65.68,,Transport & Travel,Petrol
01/11/2024,Transportfornsw Opal   Chippendale   Au,20.00,,Transport & Travel,Public transport
01/11/2024,Fox And Hare           Darlinghurst  Au,400.00,,Bills & Payments,Professional & Govt services
04/11/2024,Dbs*Anytime Fitness  W Winston Hills Au,51.90,,Bills & Payments,Memberships
04/11/2024,Linkt Sydney           Sydney        Au,20.18,,Transport & Travel,Parking & Tolls
04/11/2024,Seven Hills            Seven Hills   Au,8.10,,Food & Beverage,Dining out
06/11/2024,Woolworths/Caroline Ch Winston Hills Au,29.90,,Food & Beverage,Food & Groceries
07/11/2024,Sq *Elegancy Group     Newtown       Au,18.76,,Food & Beverage,Dining out
07/11/2024,Coles 0840             Sydney        Au,4.50,,Food & Beverage,Food & Groceries
08/11/2024,Transportfornsw Opal   Chippendale   Au,20.00,,Transport & Travel,Public transport
08/11/2024,Phone/Internet Tfr From    0000439102433,,2137.89,Deposits,Funds transfer
11/11/2024,Google One             Pyrmont       Au,2.49,,Entertainment & Recreation,"TV, Movies, Music & Games"
11/11/2024,Bonds Castle Towers    Castle Hill   Au,19.29,,Retail & Personal,Clothing & Shoes
11/11/2024,Seven Hills            Seven Hills   Au,13.55,,Food & Beverage,Dining out
11/11/2024,Msj Chicken Pty Ltd    Strathfield   Au,108.61,,Food & Beverage,Dining out
12/11/2024,Chemist Warehouse      Castle Hill   Au,70.19,,Retail & Personal,Medical & Personal care
12/11/2024,Bunnings 746000        Seven Hills   Au,1.24,,Home & Property,Furnishings
13/11/2024,Bp Baulkham H 0768     Baulkham Hill Au,70.35,,Transport & Travel,Petrol
13/11/2024,Woolworths/Caroline Ch Winston Hills Au,12.25,,Food & Beverage,Food & Groceries
14/11/2024,Coles 0840             Sydney        Au,4.50,,Food & Beverage,Food & Groceries
15/11/2024,Transportfornsw Opal   Chippendale   Au,20.00,,Transport & Travel,Public transport
18/11/2024,Linkt Sydney           Sydney        Au,20.18,,Transport & Travel,Parking & Tolls
18/11/2024,Dbs*Anytime Fitness  W Winston Hills Au,51.90,,Bills & Payments,Memberships
18/11/2024,Js Laundromat Pty Ltd  Ropes Crossin Au,6.35,,Home & Property,Services & Tradespeople
18/11/2024,Bunnings 746000        Seven Hills   Au,3.56,,Home & Property,Furnishings
18/11/2024,Bonds Castle Towers    Castle Hill   Au,6.80,,Retail & Personal,Clothing & Shoes
18/11/2024,Js Laundromat Pty Ltd  Ropes Crossin Au,6.35,,Home & Property,Services & Tradespeople
18/11/2024,Linkt Sydney           Sydney        Au,20.18,,Transport & Travel,Parking & Tolls
18/11/2024,Smp*Makanai Castle Hil Castle Hill   Au,4.07,,Food & Beverage,Dining out
18/11/2024,Eb Games               Castle Hill   Au,139.95,,Entertainment & Recreation,"TV, Movies, Music & Games"
18/11/2024,Mcdonalds Castle Twr2  Castle Hill   Au,6.30,,Food & Beverage,Dining out
19/11/2024,Paypal *Ubereats Au    4029357733    Au,32.95,,Food & Beverage,Dining out
20/11/2024,Hubbl - Kayo Sports    North Ryde    Au,35.00,,Entertainment & Recreation,"TV, Movies, Music & Games"
22/11/2024,Amznprimeau Membership Sydney South  Au,9.99,,Retail & Personal,Retail (shopping)
22/11/2024,Prouds 281             Castle Hill   Au,348.00,,Retail & Personal,Retail (shopping)
22/11/2024,Soak City              Norwest       Au,25.40,,Transport & Travel,Vehicle Expenses
22/11/2024,Sq *Flower Train - Cas Castle Hill   Au,75.00,,Retail & Personal,Retail (shopping)
22/11/2024,Dropbox Hjys8Sw5Zftd   Db.Tt/Cchelp  Ie,18.69,,Bills & Payments,Telecommunications
22/11/2024,Foreign Transaction Fee,.56,,Fees & Charges,Fees & Charges
25/11/2024,Torisiya Pty Ltd       Cammeray      Au,387.60,,Food & Beverage,Dining out
25/11/2024,King Of The Pack       Ropes Crossin Au,65.00,,Retail & Personal,Retail (shopping)
25/11/2024,Linkt Sydney           Sydney        Au,20.18,,Transport & Travel,Parking & Tolls
25/11/2024,Linkt Sydney           Sydney        Au,20.18,,Transport & Travel,Parking & Tolls
25/11/2024,Gltchd* Gltchd         Melbourne     Au,20.00,,Bills & Payments,Memberships
25/11/2024,Linkt Sydney           Sydney        Au,20.18,,Transport & Travel,Parking & Tolls
25/11/2024,U-Go Baulkham Hills    Alexandria    Au,80.00,,Transport & Travel,Petrol
25/11/2024,Woolworths/Caroline Ch Winston Hills Au,7.20,,Food & Beverage,Food & Groceries
25/11/2024,Phone/Internet Tfr From    0000439102433,,101.11,Deposits,Funds transfer
26/11/2024,Aldi Stores - Winston  Winston Hills Au,39.93,,Food & Beverage,Food & Groceries
27/11/2024,Med*Aldimobile         Chatswood     Au,29.00,,Bills & Payments,Telecommunications
28/11/2024,Gfn By Cloudgg         Balcatta      Au,24.99,,Entertainment & Recreation,"TV, Movies, Music & Games"
29/11/2024,Ahm Health Insurance   Wollongong    Au,110.13,,Bills & Payments,Insurance
29/11/2024,J & W Computers        Castle Hill   Au,303.00,,Home & Property,Technology & Appliances
02/12/2024,Dbs*Anytime Fitness  W Winston Hills Au,51.90,,Bills & Payments,Memberships
02/12/2024,Coles 0970             Ropes Crsng   Au,7.00,,Food & Beverage,Food & Groceries
02/12/2024,Linkt Sydney           Sydney        Au,20.18,,Transport & Travel,Parking & Tolls
02/12/2024,Phone/Internet Tfr From    0000439102433,,2236.57,Deposits,Funds transfer
03/12/2024,Mcdonalds St Marys Nt  St Marys      Au,6.95,,Food & Beverage,Dining out
04/12/2024,Linkt Sydney           Sydney        Au,20.18,,Transport & Travel,Parking & Tolls
04/12/2024,Woolworths/Caroline Ch Winston Hills Au,35.15,,Food & Beverage,Food & Groceries
04/12/2024,Woolworths/Caroline Ch Winston Hills Au,4.70,,Food & Beverage,Food & Groceries
05/12/2024,Coles 0840             Sydney        Au,4.50,,Food & Beverage,Food & Groceries
05/12/2024,Uncle Joes Malaysian   Ultimo        Au,22.56,,Home & Property,Technology & Appliances
09/12/2024,Transportfornsw Opal   Chippendale   Au,20.00,,Transport & Travel,Public transport
09/12/2024,Seven Hills            Seven Hills   Au,34.55,,Food & Beverage,Dining out
09/12/2024,Baulkham Chemist 1 Pl  Baulkham Hill Au,29.99,,Retail & Personal,Medical & Personal care
09/12/2024,Google One             Barangaroo    Au,2.49,,Entertainment & Recreation,"TV, Movies, Music & Games"
09/12/2024,Coles 0970             Ropes Crsng   Au,11.50,,Food & Beverage,Food & Groceries
09/12/2024,Coles 0843             Winston Hills Au,28.30,,Food & Beverage,Food & Groceries
09/12/2024,Phone/Internet Tfr From    0000439102433,,295.47,Deposits,Funds transfer
10/12/2024,Bp Baulkham H 0768     Baulkham Hill Au,74.60,,Transport & Travel,Petrol
11/12/2024,Miracle Supermarket    Castle Hill   Au,29.92,,Food & Beverage,Food & Groceries
12/12/2024,Mcdonalds Norwest Ii   Bella Vista   Au,3.50,,Food & Beverage,Dining out
12/12/2024,Zlr*The Rose Hotel     Chippendale   Au,28.28,,Food & Beverage,Food & Groceries
12/12/2024,Coles 0840             Sydney        Au,4.50,,Food & Beverage,Food & Groceries
12/12/2024,Phone/Internet Tfr From    0000439102433,,86.20,Deposits,Funds transfer
12/12/2024,Card Fee,124.00,,Fees & Charges,Fees & Charges
12/12/2024,Qantas Rewards Fee,75.00,,Withdrawals & Transfers,Withdrawal
13/12/2024,Transportfornsw Opal   Chippendale   Au,20.00,,Transport & Travel,Public transport
16/12/2024,Dbs*Anytime Fitness  W Winston Hills Au,51.90,,Bills & Payments,Memberships
16/12/2024,Coles 0840             Sydney        Au,4.50,,Food & Beverage,Food & Groceries
16/12/2024,E-Life Mart            Baulkham Hill Au,25.33,,Food & Beverage,Food & Groceries
16/12/2024,Subway Baulkham Hill   Baulkham Hill Au,13.50,,Food & Beverage,Dining out
16/12/2024,Smp*Xcel Roll Parramat Parramatta    Au,102.16,,Food & Beverage,Dining out
17/12/2024,Liquid Laundromats     Blacktown     Au,10.00,,Home & Property,Services & Tradespeople
17/12/2024,Bp Baulkham H 0768     Baulkham Hill Au,36.29,,Transport & Travel,Petrol
17/12/2024,Linkt Sydney           Sydney        Au,20.18,,Transport & Travel,Parking & Tolls
18/12/2024,Linkt Sydney           Sydney        Au,20.18,,Transport & Travel,Parking & Tolls
18/12/2024,A.Nordproducts         London        Gb,22.63,,Entertainment & Recreation,"TV, Movies, Music & Games"
18/12/2024,Foreign Transaction Fee,.68,,Fees & Charges,Fees & Charges
19/12/2024,Fresha                 Sydney        Au,66.57,,Retail & Personal,Retail (shopping)
20/12/2024,Hubbl - Kayo Sports    North Ryde    Au,35.00,,Entertainment & Recreation,"TV, Movies, Music & Games"
20/12/2024,Super Cheap Auto Cas   Castle Hill   Au,21.99,,Transport & Travel,Vehicle Expenses
20/12/2024,J & W Computers        Castle Hill   Au,209.00,,Home & Property,Technology & Appliances
23/12/2024,Hotel At Booking.Com   Amsterdam     Nl Frgn Amt:   112320.00 Yen,1172.59,,Transport & Travel,Hotels and Accommodation
23/12/2024,Foreign Transaction Fee,35.18,,Fees & Charges,Fees & Charges
23/12/2024,Booking.Com            Amsterdam     Nl Frgn Amt:    96500.00 Yen,1007.43,,Transport & Travel,Holidays
23/12/2024,Foreign Transaction Fee,30.22,,Fees & Charges,Fees & Charges
23/12/2024,Terry White Chemist    Winston Hills Au,13.49,,Retail & Personal,Medical & Personal care
23/12/2024,Amznprimeau Membership Sydney South  Au,9.99,,Retail & Personal,Retail (shopping)
23/12/2024,Rosonchiketsuto        Tokyo         Jp Frgn Amt:     7220.00 Yen,75.37,,Retail & Personal,Retail (shopping)
23/12/2024,Foreign Transaction Fee,2.26,,Fees & Charges,Fees & Charges
23/12/2024,Coles Express 1746     Baulkham H    Au,88.69,,Transport & Travel,Petrol
23/12/2024,Coles 0970             Ropes Crsng   Au,5.00,,Food & Beverage,Food & Groceries
23/12/2024,Dropbox 8Vq8D9Sjxk74   Db.Tt/Cchelp  Ie,18.69,,Bills & Payments,Telecommunications
23/12/2024,Foreign Transaction Fee,.56,,Fees & Charges,Fees & Charges
23/12/2024,Paragem Pty Ltd        Sydney        Au,4040.00,,Bills & Payments,Professional & Govt services
23/12/2024,Phone/Internet Tfr From    0000439102433,,7299.84,Deposits,Funds transfer
24/12/2024,Mcdonalds St Marys Nt  St Marys      Au,9.49,,Food & Beverage,Dining out
24/12/2024,Paypal *Amazingtalk    4029357733    Hk,1.84,,Retail & Personal,Education & Training
24/12/2024,Foreign Transaction Fee,.06,,Fees & Charges,Fees & Charges
27/12/2024,Linkt Sydney           Sydney        Au,20.18,,Transport & Travel,Parking & Tolls
27/12/2024,Paypal *Amazingtalk    4029357733    Hk,265.06,,Retail & Personal,Education & Training
27/12/2024,Foreign Transaction Fee,7.95,,Fees & Charges,Fees & Charges
30/12/2024,Linkt Sydney           Sydney        Au,20.18,,Transport & Travel,Parking & Tolls
30/12/2024,Med*Aldimobile         Chatswood     Au,29.00,,Bills & Payments,Telecommunications
30/12/2024,Paypal *Microsoft      4029357733    Au,1.00,,Home & Property,Technology & Appliances
30/12/2024,Dbs*Anytime Fitness  W Winston Hills Au,51.90,,Bills & Payments,Memberships
30/12/2024,Goodgamescastlehill    Castle Hill   Au,98.35,,Entertainment & Recreation,"TV, Movies, Music & Games"
30/12/2024,Ahm Health Insurance   Wollongong    Au,110.13,,Bills & Payments,Insurance
31/12/2024,Chemist Warehouse      Castle Hill   Au,41.77,,Retail & Personal,Medical & Personal care
31/12/2024,Aldi Stores - Castle H Castle Hill   Au,27.02,,Food & Beverage,Food & Groceries
31/12/2024,Kfc 1379               Liverpool     Au,14.95,,Food & Beverage,Dining out
31/12/2024,Mcdonalds Liverpool    Liverpool     Au,3.00,,Food & Beverage,Dining out
02/01/2025,Costis Fresh Seafood   Castle Hill   Au,82.10,,Food & Beverage,Food & Groceries
03/01/2025,Mcdonalds Castle Twr2  Castle Hill   Au,14.20,,Food & Beverage,Dining out
03/01/2025,Paypal *Ezlicencept    01800542362   Au,95.00,,Retail & Personal,Education & Training
03/01/2025,Bp Baulkham H 0768     Baulkham Hill Au,68.38,,Transport & Travel,Petrol
03/01/2025,Nrma Ltd               Sydney Olympi Au,62.40,,Transport & Travel,Vehicle Expenses
06/01/2025,Linkt Sydney           Sydney        Au,20.18,,Transport & Travel,Parking & Tolls
06/01/2025,Post Baulkham Hills Po Baulkham Hill Au,21.95,,Bills & Payments,Professional & Govt services
06/01/2025,Bunnings 746000        Seven Hills   Au,67.00,,Home & Property,Furnishings
07/01/2025,Mcdonalds St Marys Nt  St Marys      Au,16.95,,Food & Beverage,Dining out
07/01/2025,Phone/Internet Tfr From    0000439102433,,1209.53,Deposits,Funds transfer
08/01/2025,Norwest Care Chemist   Bella Vista   Au,20.95,,Retail & Personal,Medical & Personal care
09/01/2025,Google One             Pyrmont       Au,2.49,,Entertainment & Recreation,"TV, Movies, Music & Games"
13/01/2025,Paypal *Microsoft      4029357733    Au,13.95,,Home & Property,Technology & Appliances
13/01/2025,Auto And Gen Coles     Toowong       Au,561.42,,Bills & Payments,Insurance
13/01/2025,Dbs*Anytime Fitness  W Winston Hills Au,51.90,,Bills & Payments,Memberships
13/01/2025,Steam Purchase         Seattle       De,16.13,,Entertainment & Recreation,"TV, Movies, Music & Games"
13/01/2025,Foreign Transaction Fee,.48,,Fees & Charges,Fees & Charges
13/01/2025,Seven Hills            Seven Hills   Au,14.55,,Food & Beverage,Dining out
15/01/2025,Linkt Sydney           Sydney        Au,20.18,,Transport & Travel,Parking & Tolls
15/01/2025,King Of The Pack       Ropes Crossin Au,95.00,,Retail & Personal,Retail (shopping)
15/01/2025,Woolworths/Caroline Ch Winston Hills Au,27.57,,Food & Beverage,Food & Groceries
15/01/2025,Amazon Marketplace Au  Sydney South  Au,61.21,,Retail & Personal,Retail (shopping)
16/01/2025,San Jose Place         Sydney        Au,3.50,,Food & Beverage,Dining out
16/01/2025,Muji Retail (Austral   Sydney        Au,22.00,,Retail & Personal,Retail (shopping)
17/01/2025,Transportfornsw Opal   Chippendale   Au,20.00,,Transport & Travel,Public transport
17/01/2025,Booking.Com            Amsterdam     Nl Frgn Amt:    79800.00 Yen,820.60,,Transport & Travel,Holidays
17/01/2025,Foreign Transaction Fee,24.62,,Fees & Charges,Fees & Charges
20/01/2025,A.Nordproducts         London        Gb,22.63,,Entertainment & Recreation,"TV, Movies, Music & Games"
20/01/2025,Foreign Transaction Fee,.68,,Fees & Charges,Fees & Charges
20/01/2025,Booking.Com            Amsterdam     Nl Frgn Amt:   125034.00 Yen,1297.77,,Transport & Travel,Holidays
20/01/2025,Foreign Transaction Fee,38.93,,Fees & Charges,Fees & Charges
20/01/2025,Hubbl - Kayo Sports    North Ryde    Au,35.00,,Entertainment & Recreation,"TV, Movies, Music & Games"
20/01/2025,Woolworths/Caroline Ch Winston Hills Au,14.42,,Food & Beverage,Food & Groceries
20/01/2025,Hotel At Booking.Com   Amsterdam     Nl Frgn Amt:    55627.00 Yen,578.95,,Transport & Travel,Hotels and Accommodation
20/01/2025,Foreign Transaction Fee,17.37,,Fees & Charges,Fees & Charges
20/01/2025,Paypal *Tip            0289075199    Au,379.80,,Bills & Payments,Insurance
21/01/2025,Bp Baulkham H 0768     Baulkham Hill Au,75.94,,Transport & Travel,Petrol
22/01/2025,Linkt Sydney           Sydney        Au,20.18,,Transport & Travel,Parking & Tolls
22/01/2025,Amznprimeau Membership Sydney South  Au,9.99,,Retail & Personal,Retail (shopping)
22/01/2025,Jeffrey Sung Ming Liu  Bella Vista   Au,73.73,,Retail & Personal,Medical & Personal care
22/01/2025,Dropbox Xsrsmttnmc2Z   Db.Tt/Cchelp  Ie,18.69,,Bills & Payments,Telecommunications
22/01/2025,Foreign Transaction Fee,.56,,Fees & Charges,Fees & Charges
23/01/2025,Norwest Care Chemist   Bella Vista   Au,56.45,,Retail & Personal,Medical & Personal care
23/01/2025,Fresha Mojka Hair Qvb  Cabarita      Au,66.57,,Retail & Personal,Retail (shopping)
23/01/2025,Phone/Internet Tfr From    0000439102433,,4482.70,Deposits,Funds transfer
24/01/2025,Transportfornsw Opal   Chippendale   Au,20.00,,Transport & Travel,Public transport
24/01/2025,Sp Simsdirect          Waterloo      Au,109.00,,Bills & Payments,Telecommunications
24/01/2025,Mcdonalds Interairiii  Mascot        Au,22.80,,Food & Beverage,Dining out
28/01/2025,Transportfornsw Opal   Chippendale   Au,20.00,,Transport & Travel,Public transport
28/01/2025,Dbs*Anytime Fitness  W Winston Hills Au,51.90,,Bills & Payments,Memberships
29/01/2025,Ahm Health Insurance   Wollongong    Au,110.13,,Bills & Payments,Insurance
30/01/2025,Paypal *Uber Bv        35314369001   Nl,21.63,,Transport & Travel,Taxi & Rental car
30/01/2025,Foreign Transaction Fee,.65,,Fees & Charges,Fees & Charges
03/02/2025,Paypal *Uber Bv        35314369001   Nl,193.28,,Transport & Travel,Taxi & Rental car
03/02/2025,Foreign Transaction Fee,5.80,,Fees & Charges,Fees & Charges
10/02/2025,Dbs*Anytime Fitness  W Winston Hills Au,51.90,,Bills & Payments,Memberships
10/02/2025,Google One             Barangaroo    Au,2.49,,Entertainment & Recreation,"TV, Movies, Music & Games"
10/02/2025,Phone/Internet Tfr From    0000439102433,,590.14,Deposits,Funds transfer
11/02/2025,Toyota Rent A Car Toky Tokyo         Jp Frgn Amt:    27735.00 Yen,291.99,,Retail & Personal,Retail (shopping)
11/02/2025,Foreign Transaction Fee,8.76,,Fees & Charges,Fees & Charges
11/02/2025,Booking.Com            Amsterdam     Nl Frgn Amt:    53200.00 Yen,562.91,,Transport & Travel,Holidays
11/02/2025,Foreign Transaction Fee,16.89,,Fees & Charges,Fees & Charges
13/02/2025,Paypal *Microsoft      4029357733    Au,13.95,,Home & Property,Technology & Appliances
17/02/2025,Med*Aldimobile         Chatswood     Au,29.00,,Bills & Payments,Telecommunications
17/02/2025,Paypal *Uber Au        4029357733    Au,26.00,,Transport & Travel,Taxi & Rental car
17/02/2025,Colors On Stems        Winston Hills Au,203.60,,Retail & Personal,Retail (shopping)
17/02/2025,Transportfornsw Opal   Chippendale   Au,20.00,,Transport & Travel,Public transport
17/02/2025,Paypal *Uber Au        4029357733    Au,28.61,,Transport & Travel,Taxi & Rental car
17/02/2025,Ls Kuali Pty Ltd       Baulkham Hill Au,114.60,,Food & Beverage,Dining out
17/02/2025,Amazon Marketplace Au  Sydney South  Au,64.99,,Retail & Personal,Retail (shopping)
18/02/2025,Amazon Marketplace Au  Sydney South  Au,49.99,,Retail & Personal,Retail (shopping)
18/02/2025,Phone/Internet Tfr From    0000439102433,,1518.27,Deposits,Funds transfer
19/02/2025,Linkt Sydney           Sydney        Au,20.18,,Transport & Travel,Parking & Tolls
19/02/2025,Woolworths/Caroline Ch Winston Hills Au,31.80,,Food & Beverage,Food & Groceries
20/02/2025,Hubbl - Kayo Sports    North Ryde    Au,35.00,,Entertainment & Recreation,"TV, Movies, Music & Games"
21/02/2025,Transportfornsw Opal   Chippendale   Au,20.00,,Transport & Travel,Public transport
24/02/2025,Amznprimeau Membership Sydney South  Au,9.99,,Retail & Personal,Retail (shopping)
24/02/2025,Dbs*Anytime Fitness  W Winston Hills Au,51.90,,Bills & Payments,Memberships
24/02/2025,Dropbox Hfmh71Sppbhr   Db.Tt/Cchelp  Ie,18.69,,Bills & Payments,Telecommunications
24/02/2025,Foreign Transaction Fee,.56,,Fees & Charges,Fees & Charges
24/02/2025,Ikea Marsden Park      Marsden Park  Au,75.75,,Home & Property,Furnishings
24/02/2025,Ikea Marsden Park      Marsden Park  Au,16.00,,Home & Property,Furnishings
24/02/2025,Dan Murphy's/12 Great  Colyton       Au,49.90,,Food & Beverage,Beverages
25/02/2025,Linkt Sydney           Sydney        Au,20.18,,Transport & Travel,Parking & Tolls
27/02/2025,San Jose Place         Sydney        Au,3.50,,Food & Beverage,Dining out
27/02/2025,Phone/Internet Tfr From    0000439102433,,266.47,Deposits,Funds transfer
28/02/2025,Ahm Health Insurance   Wollongong    Au,110.13,,Bills & Payments,Insurance
03/03/2025,Coles 0970             Ropes Crsng   Au,18.21,,Food & Beverage,Food & Groceries
04/03/2025,Bp Baulkham H 0768     Baulkham Hill Au,76.69,,Transport & Travel,Petrol
04/03/2025,Linkt Sydney           Sydney        Au,20.18,,Transport & Travel,Parking & Tolls
05/03/2025,Paypal *Riotgamesli    35314369001   Ie,29.50,,Entertainment & Recreation,"TV, Movies, Music & Games"
05/03/2025,Foreign Transaction Fee,.89,,Fees & Charges,Fees & Charges
07/03/2025,Transportfornsw Opal   Chippendale   Au,20.00,,Transport & Travel,Public transport
10/03/2025,Dbs*Anytime Fitness  W Winston Hills Au,51.90,,Bills & Payments,Memberships
10/03/2025,Google One             Barangaroo    Au,2.49,,Entertainment & Recreation,"TV, Movies, Music & Games"
10/03/2025,U-Go Baulkham Hills    Alexandria    Au,20.00,,Transport & Travel,Petrol
10/03/2025,Phone/Internet Tfr From    0000439102433,,349.99,Deposits,Funds transfer
11/03/2025,Js Laundromat Pty Ltd  Ropes Crossin Au,6.35,,Home & Property,Services & Tradespeople
12/03/2025,Linkt Sydney           Sydney        Au,20.18,,Transport & Travel,Parking & Tolls
13/03/2025,Paypal *Microsoft      4029357733    Au,13.95,,Home & Property,Technology & Appliances
14/03/2025,Transportfornsw Opal   Chippendale   Au,20.00,,Transport & Travel,Public transport
17/03/2025,Transportfornsw Opal   Chippendale   Au,20.00,,Transport & Travel,Public transport
19/03/2025,Med*Aldimobile         Chatswood     Au,29.00,,Bills & Payments,Telecommunications
19/03/2025,Linkt Sydney           Sydney        Au,20.18,,Transport & Travel,Parking & Tolls
19/03/2025,Smp*Sydney Tyre And Au Glendenning   Au,331.38,,Transport & Travel,Vehicle Expenses
20/03/2025,Hubbl - Kayo Sports    North Ryde    Au,40.00,,Entertainment & Recreation,"TV, Movies, Music & Games"
21/03/2025,Transportfornsw Opal   Chippendale   Au,20.00,,Transport & Travel,Public transport
24/03/2025,Transportfornsw Opal   Chippendale   Au,20.00,,Transport & Travel,Public transport
24/03/2025,Dbs*Anytime Fitness  W Winston Hills Au,51.90,,Bills & Payments,Memberships
24/03/2025,Amznprimeau Membership Sydney South  Au,9.99,,Retail & Personal,Retail (shopping)
24/03/2025,Dropbox Qbwb8X3Qv3N9   Db.Tt/Cchelp  Ie,18.69,,Bills & Payments,Telecommunications
24/03/2025,Foreign Transaction Fee,.56,,Fees & Charges,Fees & Charges
24/03/2025,Smp*Sydney Tyre And Au Glendenning   Au,609.90,,Transport & Travel,Vehicle Expenses
25/03/2025,Bp Baulkham H 0768     Baulkham Hill Au,80.90,,Transport & Travel,Petrol
25/03/2025,Linkt Sydney           Sydney        Au,20.18,,Transport & Travel,Parking & Tolls
26/03/2025,Linkt Sydney           Sydney        Au,20.18,,Transport & Travel,Parking & Tolls
26/03/2025,Linkt Sydney           Sydney        Au,20.18,,Transport & Travel,Parking & Tolls
31/03/2025,Transportfornsw Opal   Chippendale   Au,20.00,,Transport & Travel,Public transport
31/03/2025,Reddy Express 1721     Ourimbah      Au,14.50,,Transport & Travel,Petrol
31/03/2025,Ahm Health Insurance   Wollongong    Au,110.13,,Bills & Payments,Insurance
01/04/2025,Bp Baulkham H 0768     Baulkham Hill Au,63.52,,Transport & Travel,Petrol
03/04/2025,Transportfornsw Opal   Chippendale   Au,20.00,,Transport & Travel,Public transport
07/04/2025,Transportfornsw Opal   Chippendale   Au,20.00,,Transport & Travel,Public transport
07/04/2025,Dbs*Anytime Fitness  W Winston Hills Au,51.90,,Bills & Payments,Memberships
07/04/2025,Linkt Sydney           Sydney        Au,20.18,,Transport & Travel,Parking & Tolls
07/04/2025,Phone/Internet Tfr From    0000439102433,,1770.40,Deposits,Funds transfer
08/04/2025,Bp Baulkham H 0768     Baulkham Hill Au,76.65,,Transport & Travel,Petrol
09/04/2025,Google One             Barangaroo    Au,2.99,,Entertainment & Recreation,"TV, Movies, Music & Games"
10/04/2025,Phone/Internet Tfr From    0000439102433,,16.94,Deposits,Funds transfer
14/04/2025,Paypal *Microsoft      4029357733    Au,13.95,,Home & Property,Technology & Appliances
14/04/2025,Transportfornsw Opal   Chippendale   Au,20.00,,Transport & Travel,Public transport
14/04/2025,Linkt Sydney           Sydney        Au,20.18,,Transport & Travel,Parking & Tolls
15/04/2025,Paragem Pty Ltd        Sydney        Au,292.90,,Bills & Payments,Professional & Govt services
22/04/2025,Transportfornsw Opal   Chippendale   Au,20.00,,Transport & Travel,Public transport
22/04/2025,Med*Aldimobile         Chatswood     Au,29.00,,Bills & Payments,Telecommunications
22/04/2025,Hubbl - Kayo Sports    North Ryde    Au,40.00,,Entertainment & Recreation,"TV, Movies, Music & Games"
22/04/2025,Linkt Sydney           Sydney        Au,20.18,,Transport & Travel,Parking & Tolls
22/04/2025,Amznprimeau Membership Sydney South  Au,9.99,,Retail & Personal,Retail (shopping)
22/04/2025,Dropbox Jxd8Wns4Vt49   Db.Tt/Cchelp  Ie,18.69,,Bills & Payments,Telecommunications
22/04/2025,Foreign Transaction Fee,.56,,Fees & Charges,Fees & Charges
23/04/2025,Bp Baulkham H 0768     Baulkham Hill Au,80.14,,Transport & Travel,Petrol
23/04/2025,Dbs*Anytime Fitness  W Winston Hills Au,51.90,,Bills & Payments,Memberships
24/04/2025,Linkt Sydney           Sydney        Au,20.18,,Transport & Travel,Parking & Tolls
28/04/2025,Anzcro                 Southport     Au,525.00,,Transport & Travel,Holidays
29/04/2025,Ahm Health Insurance   Wollongong    Au,117.65,,Bills & Payments,Insurance
05/05/2025,Dbs*Anytime Fitness  W Winston Hills Au,51.90,,Bills & Payments,Memberships
05/05/2025,Coles 0825             Castle Hill   Au,20.54,,Food & Beverage,Food & Groceries
05/05/2025,Dusk Australasia Pty L Castle Hill   Au,54.98,,Bills & Payments,Gifts & Donations
05/05/2025,Phone/Internet Tfr From    0000439102433,,1318.27,Deposits,Funds transfer
07/05/2025,Linkt Sydney           Sydney        Au,20.18,,Transport & Travel,Parking & Tolls
08/05/2025,Paypal *G2A Com Ltd    4029357733    Hk,38.89,,Entertainment & Recreation,"TV, Movies, Music & Games"
08/05/2025,Foreign Transaction Fee,1.17,,Fees & Charges,Fees & Charges
09/05/2025,Transportfornsw Opal   Chippendale   Au,20.00,,Transport & Travel,Public transport
13/05/2025,Bp Baulkham H 0768     Baulkham Hill Au,80.71,,Transport & Travel,Petrol
15/05/2025,Paragem Pty Ltd        Sydney        Au,292.90,,Bills & Payments,Professional & Govt services
19/05/2025,Transportfornsw Opal   Chippendale   Au,20.00,,Transport & Travel,Public transport
19/05/2025,Dbs*Anytime Fitness  W Winston Hills Au,51.90,,Bills & Payments,Memberships
20/05/2025,Med*Aldimobile         Chatswood     Au,29.00,,Bills & Payments,Telecommunications
20/05/2025,Hubbl - Kayo Sports    North Ryde    Au,30.00,,Entertainment & Recreation,"TV, Movies, Music & Games"
20/05/2025,Linkt Sydney           Sydney        Au,20.17,,Transport & Travel,Parking & Tolls
22/05/2025,Amznprimeau Membership Sydney South  Au,9.99,,Retail & Personal,Retail (shopping)
22/05/2025,Dropbox 6L4Gf866Hchx   Db.Tt/Cchelp  Ie,18.69,,Bills & Payments,Telecommunications
22/05/2025,Foreign Transaction Fee,.56,,Fees & Charges,Fees & Charges
26/05/2025,Linkt Sydney           Sydney        Au,20.17,,Transport & Travel,Parking & Tolls
26/05/2025,Sq *Hills K-Bbq        Baulkham Hill Au,122.40,,Food & Beverage,Food & Groceries
27/05/2025,Bp Baulkham H 0768     Baulkham Hill Au,83.03,,Transport & Travel,Petrol
28/05/2025,Linkt Sydney           Sydney        Au,20.17,,Transport & Travel,Parking & Tolls
29/05/2025,Transportfornsw Opal   Chippendale   Au,20.00,,Transport & Travel,Public transport
29/05/2025,Ahm Health Insurance   Wollongong    Au,117.65,,Bills & Payments,Insurance
30/05/2025,Transportfornsw Opal   Chippendale   Au,20.00,,Transport & Travel,Public transport
30/05/2025,Sq *Mojka Hair         Sydney        Au,66.06,,Retail & Personal,Retail (shopping)
02/06/2025,Dbs*Anytime Fitness  W Winston Hills Au,51.90,,Bills & Payments,Memberships
05/06/2025,Transportfornsw Opal   Chippendale   Au,20.00,,Transport & Travel,Public transport
05/06/2025,Phone/Internet Tfr From    0000439102433,,1271.06,Deposits,Funds transfer
06/06/2025,Transportfornsw Opal   Chippendale   Au,20.00,,Transport & Travel,Public transport
09/06/2025,Linkt Sydney           Sydney        Au,20.17,,Transport & Travel,Parking & Tolls
13/06/2025,Transportfornsw Opal   Chippendale   Au,20.00,,Transport & Travel,Public transport
16/06/2025,Dbs*Anytime Fitness  W Winston Hills Au,51.90,,Bills & Payments,Memberships
16/06/2025,Linkt Sydney           Sydney        Au,20.17,,Transport & Travel,Parking & Tolls
16/06/2025,Paragem Pty Ltd        Sydney        Au,292.90,,Bills & Payments,Professional & Govt services
17/06/2025,Bp Baulkham H 0768     Baulkham Hill Au,81.50,,Transport & Travel,Petrol
20/06/2025,Hubbl - Kayo Sports    North Ryde    Au,30.00,,Entertainment & Recreation,"TV, Movies, Music & Games"
20/06/2025,Med*Aldimobile         Chatswood     Au,29.00,,Bills & Payments,Telecommunications
20/06/2025,Transportfornsw Opal   Chippendale   Au,20.00,,Transport & Travel,Public transport
23/06/2025,Amznprimeau Membership Sydney South  Au,9.99,,Retail & Personal,Retail (shopping)
23/06/2025,Dropbox Lthgv3L9Cd3V   Db.Tt/Cchelp  Ie,18.69,,Bills & Payments,Telecommunications
23/06/2025,Foreign Transaction Fee,.56,,Fees & Charges,Fees & Charges
23/06/2025,Transportfornsw Opal   Chippendale   Au,20.00,,Transport & Travel,Public transport
25/06/2025,Linkt Sydney           Sydney        Au,20.17,,Transport & Travel,Parking & Tolls
27/06/2025,Transportfornsw Opal   Chippendale   Au,20.00,,Transport & Travel,Public transport
30/06/2025,Transportfornsw Opal   Chippendale   Au,20.00,,Transport & Travel,Public transport
30/06/2025,Dbs*Anytime Fitness  W Winston Hills Au,51.90,,Bills & Payments,Memberships
30/06/2025,Ahm Health Insurance   Wollongong    Au,117.65,,Bills & Payments,Insurance
07/07/2025,Linkt Sydney           Sydney        Au,20.17,,Transport & Travel,Parking & Tolls
08/07/2025,Bp Baulkham H 0768     Baulkham Hill Au,76.11,,Transport & Travel,Petrol
08/07/2025,Linkt Sydney           Sydney        Au,20.17,,Transport & Travel,Parking & Tolls
08/07/2025,Phone/Internet Tfr From    0000439102433,,981.22,Deposits,Funds transfer
09/07/2025,Linkt Sydney           Sydney        Au,20.17,,Transport & Travel,Parking & Tolls
11/07/2025,Transportfornsw Opal   Chippendale   Au,20.00,,Transport & Travel,Public transport
14/07/2025,Transportfornsw Opal   Chippendale   Au,20.00,,Transport & Travel,Public transport
14/07/2025,Dr Louie Lau           Winston Hills Au,65.00,,Retail & Personal,Medical & Personal care
14/07/2025,Dbs*Anytime Fitness  W Winston Hills Au,51.90,,Bills & Payments,Memberships
14/07/2025,Paypal *Nintendo       4029357733    Sg,89.95,,Entertainment & Recreation,"TV, Movies, Music & Games"
14/07/2025,Foreign Transaction Fee,2.70,,Fees & Charges,Fees & Charges
15/07/2025,U-Go Baulkham Hills    Alexandria    Au,80.00,,Transport & Travel,Petrol
15/07/2025,Paragem Pty Ltd        Sydney        Au,292.90,,Bills & Payments,Professional & Govt services
17/07/2025,Linkt Sydney           Sydney        Au,20.17,,Transport & Travel,Parking & Tolls
17/07/2025,Transportfornsw Opal   Chippendale   Au,20.00,,Transport & Travel,Public transport
18/07/2025,Linkt Sydney           Sydney        Au,20.17,,Transport & Travel,Parking & Tolls
21/07/2025,Transportfornsw Opal   Chippendale   Au,20.00,,Transport & Travel,Public transport
21/07/2025,Hubbl - Kayo Sports    North Ryde    Au,30.00,,Entertainment & Recreation,"TV, Movies, Music & Games"
21/07/2025,Med*Aldimobile         Chatswood     Au,29.00,,Bills & Payments,Telecommunications
21/07/2025,My Hao Cuisine Pty Ltd Winston Hills Au,45.50,,Food & Beverage,Dining out
21/07/2025,Nz Ski Queenstown      Queenstown    Nz Frgn Amt:      178.06 New Zealand Dollar,163.37,,Entertainment & Recreation,Sports & Leisure
21/07/2025,Foreign Transaction Fee,4.90,,Fees & Charges,Fees & Charges
22/07/2025,Amznprimeau Membership Sydney South  Au,9.99,,Retail & Personal,Retail (shopping)
22/07/2025,Dropbox Vph7Cfvcywzv   Db.Tt/Cchelp  Ie,18.69,,Bills & Payments,Telecommunications
22/07/2025,Foreign Transaction Fee,.56,,Fees & Charges,Fees & Charges
24/07/2025,Transportfornsw Opal   Chippendale   Au,20.00,,Transport & Travel,Public transport
25/07/2025,Transportfornsw Opal   Chippendale   Au,20.00,,Transport & Travel,Public transport
25/07/2025,Bp Baulkham H 0768     Baulkham Hill Au,73.34,,Transport & Travel,Petrol
28/07/2025,Linkt Sydney           Sydney        Au,20.17,,Transport & Travel,Parking & Tolls
28/07/2025,Dbs*Anytime Fitness  W Winston Hills Au,51.90,,Bills & Payments,Memberships
28/07/2025,Costco Wholesale Austr Marsden Park  Au,191.72,,Retail & Personal,Retail (shopping)
29/07/2025,Linkt Sydney           Sydney        Au,20.17,,Transport & Travel,Parking & Tolls
29/07/2025,Jeffrey Sung Ming Liu  Bella Vista   Au,84.74,,Retail & Personal,Medical & Personal care
29/07/2025,Ahm Health Insurance   Wollongong    Au,117.65,,Bills & Payments,Insurance
30/07/2025,Sq *Peko Peko ??????   1800595310    Au,56.90,,Food & Beverage,Dining out
31/07/2025,Baulkham Chemist 1 Pl  Baulkham Hill Au,43.97,,Retail & Personal,Medical & Personal care
31/07/2025,Transportfornsw Opal   Chippendale   Au,20.00,,Transport & Travel,Public transport
31/07/2025,Sq *Mojka Hair         1800595310    Au,66.04,,Retail & Personal,Retail (shopping)
01/08/2025,Transportfornsw Opal   Chippendale   Au,20.00,,Transport & Travel,Public transport
01/08/2025,Cityheroes             Sydney        Au,38.72,,Entertainment & Recreation,Sports & Leisure
04/08/2025,Glen Garry Castle Ho   Redfern       Au,9.09,,Food & Beverage,Beverages
04/08/2025,Glen Garry Castle Ho   Redfern       Au,9.09,,Food & Beverage,Beverages
04/08/2025,Linkt Sydney           Sydney        Au,20.17,,Transport & Travel,Parking & Tolls
04/08/2025,Aami Ctp               Brisbane      Au,488.42,,Bills & Payments,Insurance
04/08/2025,Service Nsw            Sydney        Au,661.00,,Bills & Payments,Professional & Govt services
04/08/2025,Js Laundromat - Ropes  Ropes Crossin Au,6.30,,Home & Property,Services & Tradespeople
05/08/2025,Bp Baulkham H 0768     Baulkham Hill Au,71.79,,Transport & Travel,Petrol
06/08/2025,Sp Simsdirect          Waterloo      Au,35.20,,Bills & Payments,Telecommunications
06/08/2025,Ahm Travel Insurance   North Sydney  Au,69.30,,Bills & Payments,Insurance
07/08/2025,Transportfornsw Opal   Chippendale   Au,20.00,,Transport & Travel,Public transport
08/08/2025,Missed Payment Fee,15.00,,Fees & Charges,Fees & Charges
11/08/2025,Dbs*Anytime Fitness  W Winston Hills Au,51.90,,Bills & Payments,Memberships
11/08/2025,Phone/Internet Tfr From    0000439102433,,3307.38,Deposits,Funds transfer
12/08/2025,Flame Bar And Grill    Queenstown    Nz Frgn Amt:      337.11 New Zealand Dollar,309.27,,Food & Beverage,Dining out
12/08/2025,Foreign Transaction Fee,9.28,,Fees & Charges,Fees & Charges
12/08/2025,Interest Charges - Purch,2.26,,Fees & Charges,Interest
13/08/2025,Phone/Internet Tfr From    0000439102433,,358.88,Deposits,Funds transfer
15/08/2025,Paragem Pty Ltd        Sydney        Au,292.90,,Bills & Payments,Professional & Govt services
18/08/2025,Paypal *Simsdirectp    0457208687    Au,38.07,,Bills & Payments,Telecommunications
18/08/2025,Paypal *Uber Au        4029357733    Au,35.91,,Transport & Travel,Taxi & Rental car
18/08/2025,Transportfornsw Opal   Chippendale   Au,20.00,,Transport & Travel,Public transport
18/08/2025,Linkt Sydney           Sydney        Au,20.17,,Transport & Travel,Parking & Tolls
18/08/2025,Ls Kuali Pty Ltd       Baulkham Hill Au,101.00,,Food & Beverage,Dining out
18/08/2025,Cheng Hoon Ooi         Sydnet        Au,28.75,,Food & Beverage,Dining out
18/08/2025,Pancakes On The Rocks  Haymarket     Au,59.34,,Food & Beverage,Dining out
18/08/2025,Mcdonalds Norwest Ii   Bella Vista   Au,10.80,,Food & Beverage,Dining out
19/08/2025,Transportfornsw Opal   Chippendale   Au,20.00,,Transport & Travel,Public transport
20/08/2025,Hubbl - Kayo Sports    North Ryde    Au,30.00,,Entertainment & Recreation,"TV, Movies, Music & Games"
20/08/2025,San Jose Place         Sydney        Au,3.50,,Food & Beverage,Dining out
20/08/2025,Woolworths/Caroline Ch Winston Hills Au,15.10,,Food & Beverage,Food & Groceries
21/08/2025,Med*Aldimobile         Chatswood     Au,29.00,,Bills & Payments,Telecommunications
21/08/2025,Charles Thai           Newtown       Au,23.76,,Food & Beverage,Dining out
22/08/2025,Transportfornsw Opal   Chippendale   Au,20.00,,Transport & Travel,Public transport
22/08/2025,Amznprimeau Membership Sydney South  Au,9.99,,Retail & Personal,Retail (shopping)
22/08/2025,Dropbox 9Zjqkdhwkyy8   Db.Tt/Cchelp  Ie,18.69,,Bills & Payments,Telecommunications
22/08/2025,Foreign Transaction Fee,.56,,Fees & Charges,Fees & Charges
25/08/2025,Dbs*Anytime Fitness  W Winston Hills Au,51.90,,Bills & Payments,Memberships
26/08/2025,Mcdonalds Norwest Ii   Bella Vista   Au,17.70,,Food & Beverage,Dining out
26/08/2025,Linkt Sydney           Sydney        Au,20.17,,Transport & Travel,Parking & Tolls
27/08/2025,Bp Baulkham H 0768     Baulkham Hill Au,75.21,,Transport & Travel,Petrol
28/08/2025,Transportfornsw Opal   Chippendale   Au,20.00,,Transport & Travel,Public transport
29/08/2025,Transportfornsw Opal   Chippendale   Au,20.00,,Transport & Travel,Public transport
29/08/2025,Cityheroes             Sydney        Au,28.53,,Entertainment & Recreation,Sports & Leisure
29/08/2025,Ahm Health Insurance   Wollongong    Au,117.65,,Bills & Payments,Insurance
01/09/2025,Unclejoesmalaysiankitc Newtown       Au,34.00,,Food & Beverage,Dining out
01/09/2025,Royal Hotel Darlington Darlington    Au,10.17,,Food & Beverage,Beverages
01/09/2025,Redbubble              Melbourne     Au,27.88,,Retail & Personal,Clothing & Shoes
01/09/2025,Linkt Sydney           Sydney        Au,20.17,,Transport & Travel,Parking & Tolls
04/09/2025,Transportfornsw Opal   Chippendale   Au,20.00,,Transport & Travel,Public transport
05/09/2025,Transportfornsw Opal   Chippendale   Au,20.00,,Transport & Travel,Public transport
08/09/2025,Transportfornsw Opal   Chippendale   Au,20.00,,Transport & Travel,Public transport
08/09/2025,Jingwei Ling           Bella Vista   Au,126.15,,Retail & Personal,Medical & Personal care
08/09/2025,Dbs*Anytime Fitness  W Winston Hills Au,51.90,,Bills & Payments,Memberships
08/09/2025,Norwest Care Chemist   Bella Vista   Au,44.94,,Retail & Personal,Medical & Personal care
08/09/2025,Paypal *Uber Au        4029357733    Au,25.94,,Transport & Travel,Taxi & Rental car
08/09/2025,Linkt Sydney           Sydney        Au,20.17,,Transport & Travel,Parking & Tolls
08/09/2025,Phone/Internet Tfr From    0000439102433,,1511.94,Deposits,Funds transfer
09/09/2025,Bp Baulkham H 0768     Baulkham Hill Au,70.07,,Transport & Travel,Petrol
10/09/2025,Linkt Sydney           Sydney        Au,20.17,,Transport & Travel,Parking & Tolls
11/09/2025,Transportfornsw Opal   Chippendale   Au,20.00,,Transport & Travel,Public transport
12/09/2025,Palermo Perfumes       Sydney        Au,35.00,,Retail & Personal,Retail (shopping)
15/09/2025,Transportfornsw Opal   Chippendale   Au,20.00,,Transport & Travel,Public transport
16/09/2025,Jingwei Ling           Bella Vista   Au,126.15,,Retail & Personal,Medical & Personal care
18/09/2025,Transportfornsw Opal   Chippendale   Au,20.00,,Transport & Travel,Public transport
19/09/2025,Transportfornsw Opal   Chippendale   Au,20.00,,Transport & Travel,Public transport
19/09/2025,Hubbl - Kayo Sports    131999        Au,30.00,,Entertainment & Recreation,"TV, Movies, Music & Games"
19/09/2025,Syd Noh Rae Bang       Sydney        Au,40.60,,Entertainment & Recreation,Sports & Leisure
19/09/2025,Syd Noh Rae Bang       Sydney        Au,40.60,,Entertainment & Recreation,Sports & Leisure
22/09/2025,Med*Aldimobile         Chatswood     Au,29.00,,Bills & Payments,Telecommunications
22/09/2025,Dbs*Anytime Fitness  W Winston Hills Au,51.90,,Bills & Payments,Memberships
22/09/2025,Amznprimeau Membership Sydney South  Au,9.99,,Retail & Personal,Retail (shopping)
22/09/2025,Linkt Sydney           Sydney        Au,20.16,,Transport & Travel,Parking & Tolls
22/09/2025,Dropbox Llsshpz6Hxht   Db.Tt/Cchelp  Ie,18.69,,Bills & Payments,Telecommunications
22/09/2025,Foreign Transaction Fee,.56,,Fees & Charges,Fees & Charges
24/09/2025,U Go Baulkham Hills    Baulkham Hill Au,40.00,,Transport & Travel,Petrol
25/09/2025,Transportfornsw Opal   Chippendale   Au,20.00,,Transport & Travel,Public transport
26/09/2025,Transportfornsw Opal   Chippendale   Au,20.00,,Transport & Travel,Public transport
29/09/2025,Ahm Health Insurance   Wollongong    Au,117.65,,Bills & Payments,Insurance
30/09/2025,Linkt Sydney           Sydney        Au,20.16,,Transport & Travel,Parking & Tolls
01/10/2025,U Go Baulkham Hills    Baulkham Hill Au,80.00,,Transport & Travel,Petrol
01/10/2025,Allergy Immuno Asso.   Westmead      Au,410.00,,Retail & Personal,Medical & Personal care
03/10/2025,Sq *Mojka Hair         Sydney        Au,66.04,,Retail & Personal,Retail (shopping)
06/10/2025,Transportfornsw Opal   Chippendale   Au,20.00,,Transport & Travel,Public transport
06/10/2025,Dbs*Anytime Fitness  W Winston Hills Au,51.90,,Bills & Payments,Memberships
06/10/2025,Linkt Sydney           Sydney        Au,20.16,,Transport & Travel,Parking & Tolls
06/10/2025,Sq *Sims Events & Ente Lidcombe      Au,250.00,,Entertainment & Recreation,Sports & Leisure
07/10/2025,Mms Catering Pty Ltd   Blacktown     Au,214.20,,Food & Beverage,Dining out
08/10/2025,Linkt Sydney           Sydney        Au,20.16,,Transport & Travel,Parking & Tolls
08/10/2025,Phone/Internet Tfr From    0000439102433,,84.90,Deposits,Funds transfer
09/10/2025,Transportfornsw Opal   Chippendale   Au,20.00,,Transport & Travel,Public transport
09/10/2025,Phone/Internet Tfr From    0000439102433,,2003.73,Deposits,Funds transfer
10/10/2025,Transportfornsw Opal   Chippendale   Au,20.00,,Transport & Travel,Public transport
10/10/2025,Master Bowl Chinese    Sydney        Au,125.46,,Food & Beverage,Dining out
14/10/2025,Paypal *Resume Io Resu 35314369001   Nl,32.95,,Bills & Payments,Professional & Govt services
14/10/2025,Foreign Transaction Fee,.99,,Fees & Charges,Fees & Charges
16/10/2025,Transportfornsw Opal   Chippendale   Au,20.00,,Transport & Travel,Public transport
17/10/2025,Transportfornsw Opal   Chippendale   Au,20.00,,Transport & Travel,Public transport
17/10/2025,Transportfornsw Opal   Chippendale   Au,20.00,,Transport & Travel,Public transport
20/10/2025,Dbs*Anytime Fitness  W Winston Hills Au,51.90,,Bills & Payments,Memberships
22/10/2025,Amznprimeau Membership Sydney South  Au,9.99,,Retail & Personal,Retail (shopping)
22/10/2025,Dropbox 78F48Lzsl5H4   Db.Tt/Cchelp  Ie,18.69,,Bills & Payments,Telecommunications
22/10/2025,Foreign Transaction Fee,.56,,Fees & Charges,Fees & Charges
03/11/2025,Dbs*Anytime Fitness  W Winston Hills Au,51.90,,Bills & Payments,Memberships
10/11/2025,Phone/Internet Tfr From    0000439102433,,226.98,Deposits,Funds transfer
12/11/2025,Juicychat.Ai           Santa Venera  Mt Frgn Amt:       43.99 Us Dollar,67.82,,Entertainment & Recreation,"TV, Movies, Music & Games"
12/11/2025,Foreign Transaction Fee,2.03,,Fees & Charges,Fees & Charges
17/11/2025,Dbs*Anytime Fitness  W Winston Hills Au,51.90,,Bills & Payments,Memberships
20/11/2025,Juicychat.Ai           Santa Venera  Mt Frgn Amt:        3.00 Us Dollar,4.63,,Entertainment & Recreation,"TV, Movies, Music & Games"
20/11/2025,Foreign Transaction Fee,.14,,Fees & Charges,Fees & Charges
24/11/2025,Amznprimeau Membership Sydney South  Au,9.99,,Retail & Personal,Retail (shopping)
25/11/2025,Miracle Supermarket    Castle Hill   Au,29.80,,Food & Beverage,Food & Groceries
28/11/2025,Juicychat.Ai           Santa Venera  Mt Frgn Amt:        3.00 Us Dollar,4.64,,Entertainment & Recreation,"TV, Movies, Music & Games"
28/11/2025,Foreign Transaction Fee,.14,,Fees & Charges,Fees & Charges
01/12/2025,Dbs*Anytime Fitness  W Winston Hills Au,51.90,,Bills & Payments,Memberships
02/12/2025,Don Don Restaurant     Sydney        Au,97.35,,Food & Beverage,Dining out
09/12/2025,Phone/Internet Tfr From    0000439102433,,320.34,Deposits,Funds transfer
14/12/2025,Card Fee,175.00,,Fees & Charges,Fees & Charges
14/12/2025,Qantas Rewards Fee,75.00,,Withdrawals & Transfers,Withdrawal
15/12/2025,Juicychat.Ai           Santa Venera  Mt Frgn Amt:       43.99 Us Dollar,66.39,,Entertainment & Recreation,"TV, Movies, Music & Games"
15/12/2025,Foreign Transaction Fee,1.99,,Fees & Charges,Fees & Charges
15/12/2025,Dbs*Anytime Fitness  W Winston Hills Au,51.90,,Bills & Payments,Memberships
22/12/2025,Ahm Health Insurance   Wollongong    Au,205.03,,Bills & Payments,Insurance
30/12/2025,Dbs*Anytime Fitness  W Winston Hills Au,51.90,,Bills & Payments,Memberships
05/01/2026,Juicychat.Ai           Santa Venera  Mt Frgn Amt:        3.00 Us Dollar,4.51,,Entertainment & Recreation,"TV, Movies, Music & Games"
05/01/2026,Foreign Transaction Fee,.14,,Fees & Charges,Fees & Charges
07/01/2026,Post Baulkham Hills Po Baulkham Hill Au,22.99,,Bills & Payments,Professional & Govt services
07/01/2026,Nxt*Lindus Baulkham Hi Baulkham Hill Au,155.25,,Home & Property,Services & Tradespeople
09/01/2026,Phone/Internet Tfr From    0000439102433,,862.00,Deposits,Funds transfer
12/01/2026,Dbs*Anytime Fitness  W Winston Hills Au,51.90,,Bills & Payments,Memberships
12/01/2026,Juicychat.Ai           Santa Venera  Mt Frgn Amt:        3.00 Us Dollar,4.50,,Entertainment & Recreation,"TV, Movies, Music & Games"
12/01/2026,Foreign Transaction Fee,.14,,Fees & Charges,Fees & Charges
12/01/2026,Juicychat.Ai           Santa Venera  Mt Frgn Amt:       43.99 Us Dollar,66.04,,Entertainment & Recreation,"TV, Movies, Music & Games"
12/01/2026,Foreign Transaction Fee,1.98,,Fees & Charges,Fees & Charges
12/01/2026,Ahm Travel Insurance   North Sydney  Au,423.90,,Bills & Payments,Insurance
13/01/2026,Jeffrey Sung Ming Liu  Bella Vista   Au,87.87,,Retail & Personal,Medical & Personal care
21/01/2026,Ahm Health Insurance   Wollongong    Au,117.65,,Bills & Payments,Insurance
27/01/2026,Dbs*Anytime Fitness  W Winston Hills Au,51.90,,Bills & Payments,Memberships
09/02/2026,Dbs*Anytime Fitness  W Winston Hills Au,51.90,,Bills & Payments,Memberships
09/02/2026,Phone/Internet Tfr From    0000439102433,,805.88,Deposits,Funds transfer
11/02/2026,Juicychat.Ai           Santa Venera  Mt Frgn Amt:       43.99 Us Dollar,62.81,,Entertainment & Recreation,"TV, Movies, Music & Games"
11/02/2026,Foreign Transaction Fee,1.88,,Fees & Charges,Fees & Charges
12/02/2026,Interest Charges - Purch,.57,,Fees & Charges,Interest
16/02/2026,Htctw Trading Pty Ltd  Sydney        Au,33.94,,Retail & Personal,Retail (shopping)
16/02/2026,Event Macquarie        Macquarie     Au,51.50,,Entertainment & Recreation,"TV, Movies, Music & Games"
23/02/2026,Dbs*Anytime Fitness  W Winston Hills Au,51.90,,Bills & Payments,Memberships
23/02/2026,Juicychat.Ai           Santa Venera  Mt Frgn Amt:        3.00 Us Dollar,4.27,,Entertainment & Recreation,"TV, Movies, Music & Games"
23/02/2026,Foreign Transaction Fee,.13,,Fees & Charges,Fees & Charges
23/02/2026,Ahm Health Insurance   Wollongong    Au,117.65,,Bills & Payments,Insurance
24/02/2026,Winstonhills Newsagncy Winston Hills Au,5.00,,Entertainment & Recreation,Books & Subscriptions
02/03/2026,Smp*Tem Tem Thai       Ropes Crossin Au,38.42,,Food & Beverage,Dining out
03/03/2026,San Jose Place         Sydney        Au,3.70,,Food & Beverage,Dining out
06/03/2026,Epicauspass            Perisher      Au,49.00,,Retail & Personal,Retail (shopping)
06/03/2026,Juicychat.Ai           Santa Venera  Mt Frgn Amt:        3.00 Us Dollar,4.30,,Entertainment & Recreation,"TV, Movies, Music & Games"
06/03/2026,Foreign Transaction Fee,.13,,Fees & Charges,Fees & Charges
09/03/2026,Norwest Care Chemist   Bella Vista   Au,19.95,,Retail & Personal,Medical & Personal care
09/03/2026,Dbs*Anytime Fitness  W Winston Hills Au,51.90,,Bills & Payments,Memberships
09/03/2026,Phone/Internet Tfr From    0000439102433,,497.05,Deposits,Funds transfer
12/03/2026,Juicychat.Ai           Santa Venera  Mt Frgn Amt:       43.99 Us Dollar,62.39,,Entertainment & Recreation,"TV, Movies, Music & Games"
12/03/2026,Foreign Transaction Fee,1.87,,Fees & Charges,Fees & Charges
12/03/2026,Interest Charges - Purch,3.78,,Fees & Charges,Interest
13/03/2026,Unclejoesmalaysiankitc Newtown       Au,23.00,,Food & Beverage,Dining out
16/03/2026,Hjs Seven Hills        Seven Hills   Au,26.30,,Food & Beverage,Dining out
20/03/2026,Aldi Stores            Winston Hills Au,22.31,,Food & Beverage,Food & Groceries
23/03/2026,Dbs*Anytime Fitness  W Winston Hills Au,51.90,,Bills & Payments,Memberships
23/03/2026,Ahm Health Insurance   Wollongong    Au,117.65,,Bills & Payments,Insurance
30/03/2026,Juicychat.Ai           Santa Venera  Mt Frgn Amt:        3.00 Us Dollar,4.36,,Entertainment & Recreation,"TV, Movies, Music & Games"
30/03/2026,Foreign Transaction Fee,.13,,Fees & Charges,Fees & Charges
30/03/2026,The Joey Palm Beach    Palm Beach    Au,49.80,,Food & Beverage,Dining out
30/03/2026,The Joey Palm Beach    Palm Beach    Au,61.95,,Food & Beverage,Dining out
01/04/2026,Bulk Nutrients         61362664725   Au,124.00,,Food & Beverage,Food & Groceries
07/04/2026,Kfc Baulkham Hills     Baulkham Hill Au,56.30,,Food & Beverage,Dining out
08/04/2026,Dbs*Anytime Fitness  W Winston Hills Au,51.90,,Bills & Payments,Memberships
08/04/2026,Phone/Internet Tfr From    0000439102433,,657.64,Deposits,Funds transfer
13/04/2026,Jeffrey Sung Ming Liu  Bella Vista   Au,90.90,,Retail & Personal,Medical & Personal care
13/04/2026,Juicychat.Ai           Santa Venera  Mt Frgn Amt:       43.99 Us Dollar,62.66,,Entertainment & Recreation,"TV, Movies, Music & Games"
13/04/2026,Foreign Transaction Fee,1.88,,Fees & Charges,Fees & Charges
13/04/2026,Norwest Care Chemist   Bella Vista   Au,69.95,,Retail & Personal,Medical & Personal care
20/04/2026,Dbs*Anytime Fitness  W Winston Hills Au,51.90,,Bills & Payments,Memberships
20/04/2026,Breadtop 580 George S  Sydney        Au,11.56,,Food & Beverage,Food & Groceries
21/04/2026,Ahm Health Insurance   Wollongong    Au,127.37,,Bills & Payments,Insurance
27/04/2026,Aldi Stores            Winston Hills Au,23.99,,Food & Beverage,Food & Groceries
28/04/2026,Terry White Chemist    Winston Hills Au,35.28,,Retail & Personal,Medical & Personal care
28/04/2026,Phone/Internet Tfr From    0000439102433,,43.90,Deposits,Funds transfer
29/04/2026,Lp*Nonvape             Hk            Hk,117.36,,Retail & Personal,Retail (shopping)
29/04/2026,Foreign Transaction Fee,3.52,,Fees & Charges,Fees & Charges
04/05/2026,Dbs*Anytime Fitness  W Winston Hills Au,51.90,,Bills & Payments,Memberships
04/05/2026,Phone/Internet Tfr From    0000439102433,,604.37,Deposits,Funds transfer
06/05/2026,Epicauspass            Perisher      Au,550.00,,Retail & Personal,Retail (shopping)
07/05/2026,San Jose Place         Sydney        Au,3.70,,Food & Beverage,Dining out
07/05/2026,Kfc Broadway Fc        Broadway Fc   Au,19.90,,Food & Beverage,Dining out
11/05/2026,Juicychat.Ai           Santa Venera  Mt Frgn Amt:       43.99 Us Dollar,61.11,,Entertainment & Recreation,"TV, Movies, Music & Games"
11/05/2026,Foreign Transaction Fee,1.83,,Fees & Charges,Fees & Charges
12/05/2026,Winstonhills Newsagncy Winston Hills Au,5.00,,Entertainment & Recreation,Books & Subscriptions
13/05/2026,Phone/Internet Tfr From    0000439102433,,641.54,Deposits,Funds transfer
14/05/2026,Juicychat.Ai           Santa Venera  Mt Frgn Amt:        3.00 Us Dollar,4.16,,Entertainment & Recreation,"TV, Movies, Music & Games"
14/05/2026,Foreign Transaction Fee,.12,,Fees & Charges,Fees & Charges
18/05/2026,Dbs*Anytime Fitness  W Winston Hills Au,51.90,,Bills & Payments,Memberships
21/05/2026,Ahm Health Insurance   Wollongong    Au,127.37,,Bills & Payments,Insurance
25/05/2026,Yilan Group No.2       Parramatta    Au,34.31,,Food & Beverage,Dining out
27/05/2026,Bulk Nutrients         61362664725   Au,61.00,,Food & Beverage,Food & Groceries
01/06/2026,Dbs*Anytime Fitness  W Winston Hills Au,51.90,,Bills & Payments,Memberships
01/06/2026,Juicychat.Ai           Santa Venera  Mt Frgn Amt:        3.00 Us Dollar,4.20,,Entertainment & Recreation,"TV, Movies, Music & Games"
01/06/2026,Foreign Transaction Fee,.13,,Fees & Charges,Fees & Charges
02/06/2026,Juicychat.Ai           Santa Venera  Mt Frgn Amt:        3.00 Us Dollar,4.20,,Entertainment & Recreation,"TV, Movies, Music & Games"
02/06/2026,Foreign Transaction Fee,.13,,Fees & Charges,Fees & Charges
08/06/2026,Don Don Restaurant     Sydney        Au,103.00,,Food & Beverage,Dining out
08/06/2026,Phone/Internet Tfr From    0000439102433,,442.42,Deposits,Funds transfer
10/06/2026,Juicychat.Ai           Santa Venera  Mt Frgn Amt:       43.99 Us Dollar,62.70,,Entertainment & Recreation,"TV, Movies, Music & Games"
10/06/2026,Foreign Transaction Fee,1.88,,Fees & Charges,Fees & Charges
15/06/2026,Dbs*Anytime Fitness  W Winston Hills Au,51.90,,Bills & Payments,Memberships
15/06/2026,Lp*Nonvape             Hk            Hk,144.35,,Retail & Personal,Retail (shopping)
15/06/2026,Foreign Transaction Fee,4.33,,Fees & Charges,Fees & Charges
18/06/2026,San Jose Place         Sydney        Au,3.70,,Food & Beverage,Dining out
18/06/2026,Juicychat.Ai           Santa Venera  Mt Frgn Amt:        3.00 Us Dollar,4.26,,Entertainment & Recreation,"TV, Movies, Music & Games"
18/06/2026,Foreign Transaction Fee,.13,,Fees & Charges,Fees & Charges
22/06/2026,Northern Beaches Hospi Frenchs Fores Au,22.22,,Transport & Travel,Parking & Tolls
22/06/2026,Ahm Health Insurance   Wollongong    Au,127.37,,Bills & Payments,Insurance
29/06/2026,Dbs*Anytime Fitness  W Winston Hills Au,51.90,,Bills & Payments,Memberships
29/06/2026,Bite* Bbcasa De Filo P Sancrox       Au,21.67,,Food & Beverage,Dining out
01/07/2026,Cityheroes Haymarket   Haymarket     Au,33.50,,Entertainment & Recreation,Sports & Leisure
01/07/2026,Three Wise Monkeys     Sydney        Au,14.24,,Food & Beverage,Beverages
02/07/2026,Gia Hoi - Haymarket    Haymarket     Au,21.29,,Food & Beverage,Dining out
02/07/2026,Gia Hoi - Haymarket    Haymarket     Au,9.12,,Food & Beverage,Dining out
06/07/2026,Jcmc Management Co P   Chatswood     Au,56.26,,Food & Beverage,Dining out
08/07/2026,Phone/Internet Tfr From    0000439102433,,630.82,Deposits,Funds transfer
10/07/2026,Juicychat.Ai           Santa Venera  Mt Frgn Amt:       43.99 Us Dollar,63.71,,Entertainment & Recreation,"TV, Movies, Music & Games"
10/07/2026,Foreign Transaction Fee,1.91,,Fees & Charges,Fees & Charges
10/07/2026,Juicychat.Ai           Santa Venera  Mt Frgn Amt:        3.00 Us Dollar,4.34,,Entertainment & Recreation,"TV, Movies, Music & Games"
10/07/2026,Foreign Transaction Fee,.13,,Fees & Charges,Fees & Charges
13/07/2026,Jeffrey Sung Ming Liu  Bella Vista   Au,60.15,,Retail & Personal,Medical & Personal care
13/07/2026,Jeffrey Sung Ming Liu  Bella Vista   Au,1.00,,Retail & Personal,Medical & Personal care
13/07/2026,Dbs*Anytime Fitness  W Winston Hills Au,51.90,,Bills & Payments,Memberships
13/07/2026,The Yook               Baulkham Hill Au,104.54,,Food & Beverage,Dining out
20/07/2026,Franky & Co North Rock North Rocks   Au,6.53,,Food & Beverage,Dining out
21/07/2026,Aldi Stores            North Rocks   Au,23.99,,Food & Beverage,Food & Groceries
21/07/2026,Aldi Stores            North Rocks   Au,15.06,,Food & Beverage,Food & Groceries
21/07/2026,Ahm Health Insurance   Wollongong    Au,127.37,,Bills & Payments,Insurance
27/07/2026,Dbs*Anytime Fitness  W Winston Hills Au,51.90,,Bills & Payments,Memberships
28/07/2026,Kfc North Rocks        Penrith       Au,11.95,,Food & Beverage,Dining out
29/07/2026,Sq *Peko Peko ??????   1800595310    Au,70.10,,Food & Beverage,Dining out
03/08/2026,The Spot Wilson Parkin Randwick      Au,7.09,,Transport & Travel,Parking & Tolls
05/08/2026,Juicychat.Ai           Santa Venera  Mt Frgn Amt:        3.00 Us Dollar,4.30,,Entertainment & Recreation,"TV, Movies, Music & Games"
05/08/2026,Foreign Transaction Fee,.13,,Fees & Charges,Fees & Charges
06/08/2026,Juicychat.Ai           Santa Venera  Mt Frgn Amt:        3.00 Us Dollar,4.29,,Entertainment & Recreation,"TV, Movies, Music & Games"
06/08/2026,Foreign Transaction Fee,.13,,Fees & Charges,Fees & Charges
06/08/2026,Phone/Internet Tfr From    0000439102433,,610.26,Deposits,Funds transfer
10/08/2026,Dbs*Anytime Fitness  W Winston Hills Au,51.90,,Bills & Payments,Memberships
10/08/2026,Juicychat.Ai           Santa Venera  Mt Frgn Amt:       43.99 Us Dollar,62.66,,Entertainment & Recreation,"TV, Movies, Music & Games"
10/08/2026,Foreign Transaction Fee,1.88,,Fees & Charges,Fees & Charges
11/08/2026,Smp*Tem Tem Thai       Ropes Crossin Au,28.26,,Food & Beverage,Dining out
20/08/2026,Ezymart 460 George St  Sydney        Au,6.13,,Food & Beverage,Food & Groceries
21/08/2026,Ahm Health Insurance   Wollongong    Au,127.37,,Bills & Payments,Insurance
24/08/2026,Dbs*Anytime Fitness  W Winston Hills Au,51.90,,Bills & Payments,Memberships
01/09/2026,Aldi Stores            Winston Hills Au,23.99,,Food & Beverage,Food & Groceries
01/09/2026,Kfc Newtown            Newtown       Au,11.95,,Food & Beverage,Dining out
02/09/2026,Kfc Newtown            Newtown       Au,14.90,,Food & Beverage,Dining out
07/09/2026,Dbs*Anytime Fitness  W Winston Hills Au,51.90,,Bills & Payments,Memberships
07/09/2026,Motttomotto Ct         Castle Hill   Au,40.26,,Food & Beverage,Dining out
08/09/2026,The Original Frango    Bella Vista   Au,69.69,,Food & Beverage,Dining out
08/09/2026,Juicychat.Ai           Santa Venera  Mt Frgn Amt:       43.99 Us Dollar,61.34,,Entertainment & Recreation,"TV, Movies, Music & Games"
08/09/2026,Foreign Transaction Fee,1.84,,Fees & Charges,Fees & Charges
08/09/2026,Phone/Internet Tfr From    0000439102433,,604.39,Deposits,Funds transfer
21/09/2026,Dbs*Anytime Fitness  W Winston Hills Au,51.90,,Bills & Payments,Memberships
21/09/2026,Ahm Health Insurance   Wollongong    Au,127.37,,Bills & Payments,Insurance
